-0.292505,0.167338,0.028996,-0.852202,-0.177786,0.028888
-0.292504,0.167338,0.0290105,-0.852202,-0.177786,0.0289025
-0.292503,0.167338,0.0291004,-0.852203,-0.177786,0.0289925
-0.2925,0.167338,0.0294017,-0.852204,-0.177786,0.0292938
-0.292495,0.167337,0.0301305,-0.852205,-0.177785,0.0300226
-0.292488,0.167335,0.0315711,-0.852208,-0.177783,0.0314631
-0.292478,0.167333,0.0340507,-0.852212,-0.177781,0.0339427
-0.292464,0.16733,0.0379043,-0.852217,-0.177777,0.0377964
-0.292445,0.167324,0.0434339,-0.852224,-0.177772,0.0433259
-0.29242,0.167316,0.0508651,-0.852232,-0.177765,0.0507571
-0.292388,0.167304,0.0603067,-0.852243,-0.177753,0.0601987
-0.292346,0.167287,0.0717152,-0.852257,-0.177735,0.0716073
-0.292295,0.167264,0.0848698,-0.852273,-0.177712,0.0847619
-0.292234,0.167237,0.0993602,-0.85229,-0.177683,0.0992522
-0.292161,0.167207,0.114592,-0.852308,-0.177651,0.114484
-0.292077,0.167173,0.129815,-0.852326,-0.177614,0.129707
-0.291979,0.167134,0.144174,-0.852343,-0.177572,0.144066
-0.291867,0.167091,0.156791,-0.852361,-0.177526,0.156683
-0.291741,0.16704,0.166878,-0.852381,-0.177472,0.166771
-0.291602,0.16698,0.173894,-0.852405,-0.177412,0.173786
-0.291452,0.166911,0.177727,-0.852438,-0.177344,0.177619
-0.291295,0.166831,0.178942,-0.852482,-0.17727,0.178834
-0.291137,0.166742,0.178995,-0.852543,-0.177192,0.178887
-0.290983,0.166643,0.178992,-0.852624,-0.177112,0.178884
-0.290839,0.166536,0.178981,-0.852731,-0.177033,0.178873
-0.290706,0.166417,0.178957,-0.852867,-0.176955,0.178849
-0.290586,0.166285,0.178915,-0.853034,-0.176877,0.178807
-0.290478,0.166138,0.178851,-0.853233,-0.176798,0.178743
-0.29038,0.165972,0.178761,-0.853465,-0.176719,0.178653
-0.290288,0.165786,0.17864,-0.853726,-0.176638,0.178533
-0.290201,0.165579,0.178487,-0.854017,-0.176556,0.178379
-0.290116,0.165351,0.178297,-0.854333,-0.176473,0.17819
-0.29003,0.1651,0.178068,-0.854673,-0.176391,0.177961
-0.289941,0.164826,0.177797,-0.855034,-0.176309,0.17769
-0.289847,0.164528,0.177482,-0.855416,-0.176228,0.177375
-0.289747,0.164203,0.17712,-0.855819,-0.176146,0.177013
-0.28964,0.163851,0.176711,-0.856241,-0.176064,0.176604
-0.289524,0.16347,0.176251,-0.856685,-0.175979,0.176145
-0.289401,0.163056,0.17574,-0.857152,-0.17589,0.175634
-0.289271,0.162611,0.175176,-0.857644,-0.175798,0.175071
-0.289135,0.162132,0.17456,-0.858162,-0.175701,0.174454
-0.288996,0.161619,0.173888,-0.858709,-0.175598,0.173783
-0.288854,0.161071,0.173162,-0.859287,-0.175489,0.173057
-0.288712,0.160489,0.17238,-0.859897,-0.175374,0.172276
-0.288572,0.159872,0.171542,-0.860543,-0.175251,0.171439
-0.288435,0.159219,0.170649,-0.861225,-0.17512,0.170546
-0.288303,0.158533,0.169699,-0.861945,-0.17498,0.169597
-0.288179,0.157813,0.168694,-0.862705,-0.174831,0.168592
-0.288063,0.157061,0.167633,-0.863505,-0.174673,0.167532
-0.287957,0.156277,0.166517,-0.864346,-0.174505,0.166417
-0.287862,0.155465,0.165347,-0.865228,-0.174327,0.165247
-0.287781,0.154624,0.164122,-0.866153,-0.174138,0.164023
-0.287713,0.153758,0.162845,-0.867119,-0.173938,0.162746
-0.287848,0.153129,0.161515,-0.868083,-0.173982,0.161417
-0.287894,0.15227,0.160134,-0.869169,-0.173814,0.160037
-0.287846,0.151202,0.158702,-0.870346,-0.173461,0.158607
-0.287755,0.150042,0.157222,-0.871564,-0.173035,0.157127
-0.287675,0.148902,0.155693,-0.87278,-0.17263,0.1556
-0.287626,0.147833,0.154119,-0.873984,-0.172271,0.154026
-0.287601,0.146823,0.152498,-0.875189,-0.171924,0.152406
-0.287578,0.145831,0.150834,-0.876415,-0.171536,0.150744
-0.287548,0.144827,0.149128,-0.877677,-0.171077,0.149038
-0.287515,0.14381,0.147381,-0.878977,-0.170549,0.147292
-0.287495,0.1428,0.145595,-0.880312,-0.169977,0.145507
-0.287501,0.141821,0.143771,-0.881672,-0.16939,0.143685
-0.287543,0.140886,0.141912,-0.883055,-0.168802,0.141826
-0.28762,0.139997,0.140018,-0.88446,-0.168215,0.139934
-0.287731,0.139147,0.138092,-0.885888,-0.167626,0.138009
-0.287872,0.138331,0.136135,-0.887337,-0.167031,0.136053
-0.288042,0.137551,0.134149,-0.888807,-0.166432,0.134069
-0.288241,0.13681,0.132137,-0.890291,-0.165836,0.132057
-0.288471,0.136114,0.130099,-0.891786,-0.165248,0.13002
-0.288731,0.135469,0.128037,-0.893287,-0.164674,0.12796
-0.28902,0.134874,0.125954,-0.894791,-0.164114,0.125878
-0.289335,0.134329,0.123852,-0.896294,-0.163572,0.123777
-0.289674,0.133831,0.121731,-0.897793,-0.163047,0.121658
-0.290034,0.133379,0.119595,-0.899286,-0.162541,0.119522
-0.290414,0.132971,0.117444,-0.900769,-0.162057,0.117373
-0.29081,0.132607,0.115281,-0.902238,-0.161597,0.115211
-0.291221,0.132286,0.113107,-0.90369,-0.161162,0.113039
-0.291643,0.132004,0.110925,-0.905121,-0.160752,0.110858
-0.292074,0.131761,0.108735,-0.906529,-0.16037,0.10867
-0.292473,0.131516,0.106541,-0.907894,-0.160003,0.106476
-0.292825,0.131252,0.104343,-0.909209,-0.159646,0.10428
-0.293119,0.130959,0.102143,-0.910468,-0.159301,0.102081
-0.293356,0.13065,0.0999431,-0.911663,-0.158968,0.0998828
-0.29353,0.130324,0.0977451,-0.912791,-0.158649,0.0976861
-0.293639,0.129981,0.0955503,-0.913847,-0.158344,0.0954927
-0.29368,0.129625,0.0933605,-0.914827,-0.15805,0.0933042
-0.293651,0.129264,0.0911773,-0.915727,-0.157765,0.0911223
-0.293555,0.128905,0.0890021,-0.916546,-0.157487,0.0889484
-0.293391,0.128555,0.0868365,-0.917282,-0.157216,0.0867841
-0.293163,0.128217,0.0846819,-0.917933,-0.156953,0.0846308
-0.292874,0.127897,0.0825398,-0.918502,-0.1567,0.0824901
-0.292528,0.127594,0.0804117,-0.918989,-0.156459,0.0803632
-0.29213,0.127314,0.0782988,-0.919396,-0.156233,0.0782516
-0.291686,0.127058,0.0762025,-0.919727,-0.156023,0.0761565
-0.291201,0.126831,0.074124,-0.919985,-0.155833,0.0740793
-0.290682,0.126635,0.0720646,-0.920172,-0.155662,0.0720211
-0.290135,0.126475,0.0700255,-0.920294,-0.155512,0.0699833
-0.289566,0.126351,0.0680078,-0.920355,-0.155382,0.0679668
-0.288982,0.126268,0.0660126,-0.92036,-0.155273,0.0659728
-0.288387,0.126224,0.0640409,-0.920313,-0.155182,0.0640023
-0.287786,0.126222,0.0620939,-0.92022,-0.15511,0.0620564
-0.287185,0.126261,0.0601723,-0.920085,-0.155055,0.060136
-0.286586,0.12634,0.0582772,-0.919913,-0.155015,0.0582421
-0.285994,0.126457,0.0564094,-0.919708,-0.154988,0.0563754
-0.285411,0.126612,0.0545697,-0.919475,-0.154973,0.0545368
-0.284839,0.126801,0.0527588,-0.919218,-0.154966,0.052727
-0.28428,0.127022,0.0509776,-0.918941,-0.154967,0.0509469
-0.283735,0.127271,0.0492267,-0.918647,-0.154972,0.049197
-0.283204,0.127546,0.0475066,-0.918339,-0.15498,0.047478
-0.28269,0.127844,0.0458181,-0.918019,-0.154989,0.0457904
-0.282191,0.128162,0.0441615,-0.917692,-0.154997,0.0441349
-0.281708,0.128496,0.0425374,-0.917358,-0.155002,0.0425118
-0.281241,0.128845,0.0409463,-0.91702,-0.155003,0.0409216
-0.28079,0.129205,0.0393884,-0.916679,-0.154998,0.0393647
-0.280354,0.129574,0.0378643,-0.916338,-0.154987,0.0378414
-0.279933,0.129951,0.0363741,-0.915998,-0.154968,0.0363521
-0.279527,0.130332,0.0349181,-0.915659,-0.15494,0.034897
-0.279135,0.130718,0.0334965,-0.915323,-0.154904,0.0334763
-0.278758,0.131105,0.0321095,-0.914991,-0.154858,0.0320902
-0.278394,0.131492,0.0307573,-0.914664,-0.154802,0.0307388
-0.278044,0.131879,0.0294399,-0.914342,-0.154736,0.0294221
-0.277706,0.132263,0.0281573,-0.914026,-0.15466,0.0281403
-0.277382,0.132645,0.0269095,-0.913717,-0.154574,0.0268933
-0.277071,0.133024,0.0256966,-0.913414,-0.154477,0.0256811
-0.276772,0.133398,0.0245184,-0.91312,-0.154371,0.0245036
-0.276485,0.133767,0.0233748,-0.912833,-0.154255,0.0233607
-0.27621,0.134131,0.0222657,-0.912555,-0.15413,0.0222523
-0.275948,0.134489,0.0211909,-0.912285,-0.153995,0.0211781
-0.275697,0.134841,0.0201501,-0.912025,-0.153852,0.020138
-0.275458,0.135186,0.0191431,-0.911775,-0.1537,0.0191316
-0.275231,0.135525,0.0181697,-0.911534,-0.15354,0.0181587
-0.275016,0.135857,0.0172294,-0.911303,-0.153371,0.017219
-0.274812,0.136181,0.016322,-0.911084,-0.153195,0.0163121
-0.27462,0.136499,0.015447,-0.910875,-0.153012,0.0154377
-0.27444,0.13681,0.0146041,-0.910677,-0.152822,0.0145953
-0.274271,0.137114,0.0137928,-0.910492,-0.152625,0.0137845
-0.274114,0.137411,0.0130127,-0.910318,-0.152421,0.0130048
-0.273969,0.137701,0.0122632,-0.910157,-0.152212,0.0122558
-0.273836,0.137985,0.011544,-0.910009,-0.151996,0.011537
-0.273715,0.138262,0.0108543,-0.909875,-0.151775,0.0108478
-0.273607,0.138534,0.0101938,-0.909754,-0.151549,0.0101877
-0.273511,0.138801,0.0095618,-0.909648,-0.151318,0.00955604
-0.273429,0.139062,0.00895773,-0.909557,-0.151082,0.00895233
-0.27336,0.13932,0.00838099,-0.909482,-0.150843,0.00837593
-0.273306,0.139574,0.00783096,-0.909423,-0.150599,0.00782624
-0.273268,0.139826,0.00730702,-0.909381,-0.150353,0.00730261
-0.471623,-0.210509,0.0580166,-1.32794,0.181097,0.182277
-0.471622,-0.210509,0.0580171,-1.32794,0.181098,0.182277
-0.47162,-0.210509,0.0580316,-1.32794,0.181098,0.182292
-0.471615,-0.210508,0.0581216,-1.32792,0.181099,0.182382
-0.471605,-0.210506,0.0584229,-1.32789,0.181101,0.182683
-0.471588,-0.210502,0.0591517,-1.32784,0.181105,0.183412
-0.471563,-0.210495,0.0605922,-1.32777,0.18111,0.184852
-0.471528,-0.210483,0.0630718,-1.32767,0.181117,0.187332
-0.471482,-0.210466,0.0669255,-1.32753,0.181127,0.191186
-0.471423,-0.210443,0.072455,-1.32736,0.181138,0.196715
-0.471351,-0.210413,0.0798862,-1.32715,0.181153,0.204146
-0.471263,-0.210377,0.0893278,-1.3269,0.18117,0.213588
-0.471158,-0.210334,0.100736,-1.3266,0.181191,0.224997
-0.471036,-0.210285,0.113891,-1.32624,0.181216,0.238151
-0.470894,-0.210229,0.128381,-1.32582,0.181245,0.252642
-0.470731,-0.210166,0.143613,-1.32534,0.181279,0.267874
-0.470547,-0.210096,0.158836,-1.3248,0.181319,0.283097
-0.47034,-0.210017,0.173195,-1.32418,0.181365,0.297455
-0.470112,-0.20993,0.185812,-1.32349,0.181419,0.310072
-0.46986,-0.209832,0.1959,-1.32273,0.18148,0.32016
-0.469584,-0.209723,0.202915,-1.32189,0.181549,0.327175
-0.469284,-0.209601,0.206748,-1.32097,0.181626,0.331008
-0.468957,-0.209465,0.207963,-1.31997,0.181711,0.332223
-0.468602,-0.209312,0.208017,-1.31888,0.181804,0.332277
-0.468215,-0.209143,0.208013,-1.3177,0.181904,0.332271
-0.467792,-0.208955,0.208,-1.31643,0.182011,0.33225
-0.467328,-0.208749,0.207972,-1.31505,0.182125,0.332205
-0.466818,-0.208523,0.207923,-1.31357,0.182249,0.332127
-0.466257,-0.208277,0.207848,-1.31197,0.182381,0.332008
-0.465638,-0.208008,0.207744,-1.31025,0.182523,0.331841
-0.464956,-0.207713,0.207604,-1.3084,0.182677,0.331618
-0.464206,-0.207388,0.207426,-1.30643,0.182842,0.331333
-0.463384,-0.20703,0.207205,-1.30432,0.18302,0.330981
-0.462487,-0.206636,0.206939,-1.30207,0.183212,0.330555
-0.461514,-0.206205,0.206624,-1.29968,0.183422,0.330052
-0.460463,-0.205734,0.206258,-1.29715,0.18365,0.329467
-0.459335,-0.20522,0.205837,-1.29448,0.183899,0.328796
-0.45813,-0.204664,0.205361,-1.29167,0.184171,0.328035
-0.45685,-0.204062,0.204827,-1.28871,0.184469,0.327182
-0.455497,-0.203413,0.204233,-1.28562,0.184795,0.326234
-0.454072,-0.202714,0.203578,-1.28239,0.185151,0.325188
-0.452577,-0.201965,0.202861,-1.27902,0.185539,0.324042
-0.451013,-0.201162,0.202081,-1.27552,0.185961,0.322796
-0.449384,-0.200305,0.201237,-1.27189,0.186418,0.321448
-0.44769,-0.199391,0.200329,-1.26813,0.186912,0.319996
-0.445934,-0.198419,0.199355,-1.26424,0.187444,0.318441
-0.444115,-0.197388,0.198317,-1.26024,0.188014,0.316782
-0.442236,-0.196296,0.197213,-1.25611,0.188622,0.31502
-0.440296,-0.195142,0.196045,-1.25186,0.189269,0.313154
-0.438297,-0.193925,0.194812,-1.2475,0.189955,0.311184
-0.436239,-0.192643,0.193515,-1.24303,0.190678,0.309113
-0.43412,-0.191298,0.192155,-1.23845,0.191437,0.30694
-0.431943,-0.189887,0.190732,-1.23376,0.192232,0.304667
-0.429705,-0.188411,0.189247,-1.22896,0.193062,0.302295
-0.427407,-0.18687,0.187702,-1.22407,0.193923,0.299827
-0.425049,-0.185264,0.186097,-1.21907,0.194816,0.297263
-0.42263,-0.183595,0.184433,-1.21397,0.195738,0.294606
-0.42015,-0.181864,0.182713,-1.20878,0.196687,0.291858
-0.417609,-0.180071,0.180937,-1.2035,0.197662,0.28902
-0.415007,-0.178218,0.179106,-1.19813,0.198659,0.286097
-0.412345,-0.176308,0.177224,-1.19267,0.199678,0.283089
-0.409623,-0.174343,0.17529,-1.18712,0.200716,0.28
-0.406842,-0.172325,0.173307,-1.1815,0.201772,0.276833
-0.404003,-0.170257,0.171277,-1.17579,0.202843,0.27359
-0.401107,-0.168142,0.169201,-1.17001,0.203927,0.270274
-0.398157,-0.165984,0.167081,-1.16416,0.205023,0.266889
-0.395154,-0.163786,0.16492,-1.15825,0.206129,0.263437
-0.3921,-0.161551,0.16272,-1.15227,0.207244,0.259921
-0.388997,-0.159283,0.160481,-1.14623,0.208366,0.256346
-0.385849,-0.156987,0.158207,-1.14013,0.209493,0.252713
-0.382659,-0.154665,0.1559,-1.13398,0.210626,0.249027
-0.379429,-0.152323,0.15356,-1.12779,0.211761,0.245291
-0.376164,-0.149964,0.151192,-1.12156,0.212899,0.241508
-0.372867,-0.147592,0.148796,-1.11529,0.214038,0.237681
-0.369542,-0.145212,0.146376,-1.10899,0.215177,0.233814
-0.366193,-0.142827,0.143932,-1.10267,0.216316,0.229911
-0.362825,-0.140442,0.141468,-1.09633,0.217454,0.225975
-0.359442,-0.13806,0.138985,-1.08997,0.218591,0.222009
-0.356048,-0.135686,0.136485,-1.08361,0.219725,0.218016
-0.352648,-0.133324,0.133972,-1.07724,0.220856,0.214
-0.349248,-0.130976,0.131445,-1.07088,0.221984,0.209965
-0.345851,-0.128646,0.128909,-1.06453,0.223109,0.205914
-0.342462,-0.126338,0.126365,-1.0582,0.22423,0.20185
-0.339087,-0.124056,0.123814,-1.05189,0.225348,0.197776
-0.335731,-0.121801,0.12126,-1.04561,0.226461,0.193695
-0.332397,-0.119576,0.118704,-1.03937,0.227571,0.189612
-0.329092,-0.117385,0.116147,-1.03317,0.228676,0.185529
-0.32582,-0.11523,0.113593,-1.02702,0.229778,0.181448
-0.322586,-0.113113,0.111042,-1.02093,0.230875,0.177374
-0.319394,-0.111035,0.108497,-1.0149,0.231969,0.173309
-0.31625,-0.108999,0.10596,-1.00893,0.23306,0.169256
-0.313158,-0.107006,0.103432,-1.00304,0.234147,0.165218
-0.310122,-0.105057,0.100916,-0.997237,0.235232,0.161198
-0.307147,-0.103154,0.0984117,-0.991516,0.236314,0.157199
-0.304236,-0.101297,0.0959223,-0.985889,0.237394,0.153222
-0.301395,-0.0994877,0.0934491,-0.980359,0.238474,0.149272
-0.298626,-0.0977256,0.0909936,-0.974933,0.239552,0.145349
-0.295934,-0.0960115,0.0885574,-0.969616,0.240631,0.141458
-0.293321,-0.0943456,0.086142,-0.964413,0.24171,0.1376
-0.290792,-0.0927279,0.0837487,-0.959328,0.242791,0.133777
-0.288349,-0.0911583,0.081379,-0.954366,0.243875,0.129991
-0.285995,-0.0896366,0.0790341,-0.94953,0.244961,0.126246
-0.283731,-0.0881624,0.0767154,-0.944825,0.246051,0.122542
-0.281561,-0.0867353,0.0744241,-0.940253,0.247146,0.118882
-0.279487,-0.0853547,0.0721614,-0.935818,0.248245,0.115267
-0.277508,-0.0840201,0.0699283,-0.931523,0.24935,0.1117
-0.275628,-0.0827307,0.0677259,-0.92737,0.25046,0.108182
-0.273847,-0.0814859,0.0655552,-0.923361,0.251577,0.104715
-0.272166,-0.0802849,0.0634172,-0.919497,0.252699,0.1013
-0.270585,-0.0791269,0.0613128,-0.915782,0.253828,0.0979385
-0.269103,-0.0780109,0.0592428,-0.912215,0.254961,0.0946319
-0.267722,-0.0769361,0.057208,-0.908797,0.2561,0.0913816
-0.26644,-0.0759016,0.055209,-0.90553,0.257242,0.0881886
-0.265257,-0.0749062,0.0532467,-0.902414,0.258388,0.085054
-0.264171,-0.0739492,0.0513215,-0.899448,0.259535,0.0819788
-0.263181,-0.0730293,0.0494341,-0.896633,0.260682,0.078964
-0.262287,-0.0721457,0.047585,-0.893969,0.261828,0.0760103
-0.261485,-0.0712972,0.0457746,-0.891455,0.26297,0.0731184
-0.260774,-0.0704828,0.0440033,-0.88909,0.264108,0.070289
-0.260152,-0.0697014,0.0422715,-0.886873,0.265237,0.0675227
-0.259617,-0.068952,0.0405795,-0.884804,0.266358,0.0648199
-0.259165,-0.0682334,0.0389274,-0.882879,0.267466,0.062181
-0.258796,-0.0675448,0.0373156,-0.881099,0.26856,0.0596063
-0.258505,-0.0668849,0.0357441,-0.879461,0.269637,0.0570961
-0.258289,-0.0662528,0.0342131,-0.877963,0.270695,0.0546505
-0.258147,-0.0656475,0.0327225,-0.876601,0.271732,0.0522696
-0.258074,-0.065068,0.0312725,-0.875375,0.272745,0.0499533
-0.258068,-0.0645134,0.0298629,-0.874281,0.273733,0.0477017
-0.258126,-0.0639827,0.0284937,-0.873315,0.274693,0.0455146
-0.258243,-0.0634752,0.0271647,-0.872475,0.275623,0.0433917
-0.256245,-0.0596587,0.0258757,-0.875609,0.269694,0.0413328
-0.254615,-0.0565307,0.0246266,-0.878334,0.264171,0.0393375
-0.253332,-0.0542053,0.0234171,-0.8807,0.25894,0.0374055
-0.252294,-0.0525111,0.0222469,-0.882794,0.25392,0.0355362
-0.251486,-0.0513173,0.0211156,-0.884637,0.249243,0.0337291
-0.250858,-0.0505233,0.0200228,-0.886246,0.24494,0.0319836
-0.250373,-0.0501065,0.0189683,-0.88762,0.241003,0.0302991
-0.250016,-0.0501081,0.0179515,-0.88874,0.237441,0.0286749
-0.24978,-0.0505739,0.0169719,-0.889588,0.234259,0.0271102
-0.249651,-0.0515039,0.0160291,-0.890165,0.231446,0.0256042
-0.249608,-0.0528586,0.0151225,-0.890504,0.228943,0.024156
-0.249622,-0.0545625,0.0142515,-0.890635,0.226707,0.0227648
-0.249658,-0.0565234,0.0134156,-0.890588,0.224694,0.0214296
-0.249813,-0.0588036,0.0126142,-0.89046,0.222828,0.0201494
-0.249961,-0.0612303,0.0118466,-0.890192,0.221142,0.0189232
-0.250104,-0.0637784,0.0111121,-0.889796,0.219625,0.01775
-0.250239,-0.0664243,0.0104101,-0.889283,0.218263,0.0166286
-0.250366,-0.0691443,0.00973983,-0.888665,0.217042,0.015558
-0.25048,-0.0719144,0.00910062,-0.887954,0.215946,0.0145369
-0.250579,-0.0747122,0.00849173,-0.887159,0.21496,0.0135643
-0.307276,0.21366,0.0367083,-0.880286,-0.131912,0.0202585
-0.307276,0.21366,0.0367088,-0.880285,-0.131912,0.020259
-0.307275,0.213661,0.0367233,-0.880285,-0.131911,0.0202735
-0.307274,0.213664,0.0368132,-0.880282,-0.131911,0.0203634
-0.30727,0.213669,0.0371146,-0.880278,-0.131911,0.0206648
-0.307264,0.213677,0.0378433,-0.88027,-0.131911,0.0213935
-0.307253,0.213686,0.0392839,-0.880257,-0.131913,0.0228341
-0.307236,0.213697,0.0417635,-0.880238,-0.131916,0.0253137
-0.307211,0.213708,0.0456172,-0.880212,-0.131921,0.0291674
-0.307176,0.213719,0.0511467,-0.880178,-0.131929,0.0346969
-0.307129,0.213728,0.0585779,-0.880136,-0.131939,0.0421281
-0.307067,0.213732,0.0680195,-0.880083,-0.131952,0.0515697
-0.306986,0.21373,0.0794281,-0.88002,-0.131967,0.0629783
-0.30689,0.213728,0.0925827,-0.879942,-0.131986,0.0761329
-0.306773,0.213722,0.107073,-0.87985,-0.132006,0.0906232
-0.306621,0.213694,0.122305,-0.87975,-0.132018,0.105855
-0.306441,0.213651,0.137528,-0.879636,-0.132027,0.121078
-0.306229,0.213588,0.151887,-0.879512,-0.132031,0.135437
-0.305981,0.213495,0.164503,-0.879379,-0.132029,0.148054
-0.305694,0.213367,0.174591,-0.879238,-0.132017,0.158142
-0.30537,0.2132,0.181606,-0.879091,-0.131997,0.165157
-0.30501,0.212991,0.18544,-0.878939,-0.131967,0.16899
-0.304617,0.212739,0.186654,-0.878786,-0.131929,0.170205
-0.304197,0.212443,0.186708,-0.878636,-0.131883,0.170258
-0.303753,0.212104,0.186705,-0.87849,-0.131833,0.170256
-0.303291,0.211721,0.186693,-0.878354,-0.131778,0.170245
-0.30281,0.211293,0.186668,-0.878228,-0.131719,0.170222
-0.302313,0.210817,0.186624,-0.878114,-0.131655,0.170182
-0.301797,0.210291,0.186557,-0.878013,-0.131587,0.170121
-0.301261,0.209712,0.186463,-0.877925,-0.131512,0.170035
-0.300703,0.209077,0.186338,-0.877848,-0.131431,0.169921
-0.30012,0.208382,0.186178,-0.877781,-0.131344,0.169775
-0.299509,0.207624,0.18598,-0.877722,-0.13125,0.169594
-0.298869,0.206799,0.185741,-0.877672,-0.131149,0.169376
-0.298197,0.205902,0.185458,-0.877629,-0.13104,0.169119
-0.297492,0.20493,0.185129,-0.877594,-0.130922,0.168819
-0.296752,0.203878,0.184752,-0.877566,-0.130793,0.168475
-0.295978,0.202742,0.184325,-0.877547,-0.130652,0.168085
-0.29517,0.201518,0.183845,-0.877539,-0.130497,0.167648
-0.29433,0.200204,0.183312,-0.877543,-0.130329,0.167162
-0.293458,0.198797,0.182725,-0.877561,-0.130146,0.166626
-0.292558,0.197294,0.182081,-0.877595,-0.129948,0.166039
-0.291631,0.195693,0.181381,-0.877648,-0.129734,0.165401
-0.290681,0.193993,0.180623,-0.877722,-0.129504,0.16471
-0.28971,0.192191,0.179808,-0.87782,-0.129258,0.163966
-0.288736,0.191045,0.178934,-0.877678,-0.129266,0.163169
-0.287714,0.189685,0.178002,-0.877589,-0.129173,0.162319
-0.286649,0.188174,0.177011,-0.877541,-0.128992,0.161416
-0.285568,0.186602,0.175963,-0.877515,-0.128793,0.16046
-0.284497,0.185032,0.174856,-0.877496,-0.128651,0.159451
-0.283448,0.183476,0.173692,-0.877483,-0.128611,0.158389
-0.282419,0.181898,0.172471,-0.877483,-0.12867,0.157276
-0.281398,0.180243,0.171194,-0.87751,-0.128785,0.156111
-0.280373,0.178464,0.169861,-0.877581,-0.128901,0.154896
-0.279335,0.176538,0.168474,-0.877705,-0.128978,0.153631
-0.278286,0.174468,0.167034,-0.877884,-0.129003,0.152317
-0.27723,0.17227,0.165541,-0.878117,-0.128986,0.150956
-0.276176,0.169963,0.163996,-0.878398,-0.128949,0.149548
-0.275132,0.167562,0.162402,-0.878726,-0.128909,0.148094
-0.274101,0.165077,0.160759,-0.879098,-0.128876,0.146596
-0.273086,0.162517,0.159069,-0.879515,-0.12885,0.145055
-0.272091,0.159891,0.157334,-0.879975,-0.128829,0.143472
-0.271117,0.157213,0.155554,-0.880477,-0.128813,0.141849
-0.270166,0.154495,0.153732,-0.88102,-0.128805,0.140187
-0.269243,0.151747,0.151869,-0.881601,-0.12881,0.138488
-0.268349,0.148976,0.149966,-0.882219,-0.128836,0.136754
-0.267487,0.14619,0.148027,-0.882872,-0.128885,0.134985
-0.266657,0.143393,0.146051,-0.883561,-0.128962,0.133184
-0.265863,0.140591,0.144042,-0.884284,-0.129066,0.131351
-0.265104,0.137788,0.142001,-0.885041,-0.1292,0.12949
-0.264382,0.134989,0.13993,-0.885829,-0.129364,0.127601
-0.263697,0.132199,0.13783,-0.886649,-0.129559,0.125687
-0.263051,0.129422,0.135705,-0.887499,-0.129787,0.123748
-0.262445,0.126663,0.133554,-0.888378,-0.130049,0.121788
-0.261882,0.123927,0.131382,-0.889286,-0.130348,0.119806
-0.261361,0.121218,0.129188,-0.890221,-0.130685,0.117806
-0.260885,0.118539,0.126977,-0.891184,-0.13106,0.115789
-0.260455,0.115895,0.124748,-0.892174,-0.131472,0.113757
-0.260074,0.113289,0.122504,-0.89319,-0.131923,0.111711
-0.259741,0.110725,0.120248,-0.894233,-0.132412,0.109654
-0.25946,0.108204,0.117981,-0.895303,-0.132938,0.107586
-0.261156,0.108261,0.115704,-0.895281,-0.142157,0.10551
-0.263079,0.107945,0.11342,-0.895271,-0.1512,0.103428
-0.265209,0.107157,0.111131,-0.895317,-0.160168,0.10134
-0.267498,0.105951,0.108839,-0.895402,-0.169089,0.0992495
-0.269894,0.104432,0.106544,-0.895489,-0.177945,0.0971571
-0.272332,0.102668,0.10425,-0.895552,-0.186664,0.0950648
-0.274734,0.100654,0.101957,-0.895601,-0.195134,0.092974
-0.277011,0.0983415,0.0996675,-0.895673,-0.203223,0.0908864
-0.279077,0.0956738,0.0973834,-0.895816,-0.210814,0.0888035
-0.280868,0.0926219,0.0951061,-0.89607,-0.217819,0.0867268
-0.282339,0.0891905,0.0928371,-0.896458,-0.224193,0.0846578
-0.283474,0.0854092,0.0905782,-0.896988,-0.229924,0.0825979
-0.284277,0.0813176,0.0883308,-0.897659,-0.235024,0.0805485
-0.284764,0.0769563,0.0860964,-0.898466,-0.23952,0.078511
-0.284953,0.0723862,0.0838766,-0.899366,-0.24347,0.0764867
-0.28486,0.067686,0.0816726,-0.90029,-0.246959,0.0744769
-0.284518,0.0628943,0.079486,-0.901234,-0.250008,0.0724829
-0.283965,0.0580499,0.077318,-0.9022,-0.252636,0.0705059
-0.283238,0.0531912,0.0751698,-0.90319,-0.254862,0.068547
-0.282379,0.0483542,0.0730428,-0.904206,-0.256713,0.0666075
-0.281428,0.0435695,0.0709382,-0.905248,-0.258224,0.0646882
-0.280422,0.0388611,0.068857,-0.90632,-0.259428,0.0627904
-0.279396,0.0342488,0.0668004,-0.907423,-0.260362,0.060915
-0.27838,0.0297529,0.0647695,-0.908559,-0.261062,0.059063
-0.277398,0.0253906,0.0627651,-0.909726,-0.261559,0.0572352
-0.27647,0.02118,0.0607883,-0.910921,-0.261883,0.0554326
-0.275615,0.0171399,0.05884,-0.91214,-0.262066,0.053656
-0.274869,0.0133082,0.0569211,-0.913363,-0.262201,0.0519061
-0.274241,0.00969863,0.0550322,-0.914574,-0.262331,0.0501836
-0.27372,0.00630825,0.0531742,-0.91576,-0.262484,0.0484894
-0.273306,0.00314602,0.0513478,-0.916913,-0.262673,0.0468239
-0.272997,0.000221599,0.0495537,-0.918028,-0.262912,0.0451878
-0.272787,-0.00246891,0.0477923,-0.919105,-0.263189,0.0435816
-0.27266,-0.00493535,0.0460644,-0.920145,-0.263489,0.0420059
-0.272608,-0.00718728,0.0443703,-0.921149,-0.263803,0.0404611
-0.272621,-0.00923773,0.0427106,-0.922118,-0.264123,0.0389476
-0.271609,-0.0113726,0.0410857,-0.922052,-0.264513,0.0374658
-0.270799,-0.0132045,0.0394958,-0.922026,-0.264966,0.0360161
-0.270199,-0.0146131,0.0379414,-0.921957,-0.265588,0.0345986
-0.269772,-0.0156154,0.0364227,-0.921806,-0.266403,0.0332137
-0.269474,-0.0162806,0.0349399,-0.921561,-0.267401,0.0318615
-0.269263,-0.0166816,0.0334931,-0.921218,-0.268557,0.0305422
-0.269099,-0.0168758,0.0320826,-0.920772,-0.269835,0.029256
-0.26895,-0.0169062,0.0307084,-0.920222,-0.271202,0.0280029
-0.268788,-0.0168093,0.0293706,-0.919566,-0.272627,0.0267829
-0.268592,-0.0166202,0.0280691,-0.918805,-0.274085,0.0255961
-0.268346,-0.0163719,0.0268039,-0.917946,-0.275559,0.0244423
-0.268041,-0.016092,0.0255749,-0.916994,-0.277037,0.0233216
-0.26767,-0.0157999,0.024382,-0.915958,-0.278509,0.0222339
-0.267231,-0.0155066,0.0232251,-0.914843,-0.279967,0.0211789
-0.266725,-0.0152172,0.022104,-0.913656,-0.281402,0.0201565
-0.266153,-0.0149331,0.0210184,-0.912405,-0.282807,0.0191666
-0.26552,-0.0146548,0.019968,-0.911098,-0.284175,0.0182087
-0.264829,-0.0143827,0.0189526,-0.909742,-0.285501,0.0172828
-0.264087,-0.0141171,0.0179718,-0.908345,-0.286782,0.0163884
-0.263299,-0.0138585,0.0170253,-0.906917,-0.288013,0.0155253
-0.262469,-0.0136067,0.0161126,-0.905464,-0.289193,0.014693
-0.261605,-0.0133616,0.0152334,-0.903994,-0.290318,0.0138912
-0.26071,-0.0131225,0.0143871,-0.902513,-0.291388,0.0131196
-0.259789,-0.0128892,0.0135734,-0.901029,-0.2924,0.0123775
-0.258847,-0.0126613,0.0127917,-0.899546,-0.293354,0.0116647
-0.257889,-0.0124386,0.0120414,-0.89807,-0.294249,0.0109805
-0.256917,-0.0122212,0.0113221,-0.896605,-0.295085,0.0103245
-0.255678,-0.00782577,0.0106331,-0.891165,-0.299308,0.00969624
-0.254353,-0.00398386,0.00997382,-0.886248,-0.302589,0.00909508
-0.252874,-0.000647024,0.00934371,-0.881842,-0.304901,0.00852049
-0.251313,0.00229178,0.00874212,-0.877885,-0.306489,0.0079719
-0.249756,0.00491156,0.00816839,-0.87431,-0.307616,0.00744872
-0.248256,0.00726409,0.00762187,-0.87107,-0.308449,0.00695035
-0.450035,-0.258356,0.016414,-0.852388,0.167512,0.0772218
-0.450034,-0.258356,0.0164145,-0.852388,0.167511,0.0772223
-0.450031,-0.258359,0.0164289,-0.852388,0.167506,0.0772368
-0.450021,-0.258366,0.0165189,-0.852388,0.167493,0.0773267
-0.450002,-0.258379,0.0168202,-0.852386,0.167468,0.077628
-0.449968,-0.258401,0.017549,-0.852382,0.167426,0.0783568
-0.449917,-0.258434,0.0189895,-0.852374,0.167365,0.0797974
-0.449843,-0.258481,0.0214692,-0.852361,0.16728,0.082277
-0.449744,-0.258542,0.0253228,-0.85234,0.167167,0.0861306
-0.449613,-0.258622,0.0308524,-0.85231,0.167025,0.0916602
-0.449446,-0.25872,0.0382836,-0.852269,0.166849,0.0990914
-0.44924,-0.258838,0.0477251,-0.852215,0.166637,0.108533
-0.448991,-0.258979,0.0591337,-0.852146,0.166388,0.119942
-0.448694,-0.259143,0.0722883,-0.852059,0.166102,0.133096
-0.448348,-0.259332,0.0867787,-0.851952,0.165779,0.147586
-0.447949,-0.259547,0.102011,-0.851824,0.165419,0.162818
-0.447499,-0.259792,0.117234,-0.851675,0.165024,0.178041
-0.446995,-0.260067,0.131593,-0.851502,0.164593,0.1924
-0.446427,-0.260368,0.144209,-0.851302,0.164124,0.205017
-0.445793,-0.260693,0.154297,-0.851075,0.163616,0.215105
-0.44509,-0.261037,0.161312,-0.85082,0.163069,0.22212
-0.444315,-0.261398,0.165146,-0.850539,0.162482,0.225953
-0.443463,-0.261771,0.16636,-0.850234,0.161851,0.227168
-0.442534,-0.262153,0.166414,-0.84991,0.161169,0.227222
-0.441525,-0.262544,0.166411,-0.849569,0.160427,0.227218
-0.440433,-0.262943,0.166401,-0.849215,0.15962,0.227204
-0.439256,-0.263354,0.166378,-0.848847,0.158743,0.227173
-0.437994,-0.263779,0.166339,-0.848463,0.157793,0.22712
-0.436643,-0.264223,0.166279,-0.848061,0.156772,0.227038
-0.435203,-0.264688,0.166196,-0.847634,0.155682,0.226924
-0.433669,-0.265177,0.166084,-0.847181,0.15452,0.226771
-0.432039,-0.26569,0.165941,-0.846699,0.153289,0.226576
-0.430308,-0.266227,0.165765,-0.846183,0.151987,0.226335
-0.428475,-0.266787,0.165552,-0.845633,0.150616,0.226044
-0.426537,-0.267368,0.1653,-0.845046,0.149176,0.225701
-0.424492,-0.26797,0.165007,-0.84442,0.14767,0.2253
-0.42234,-0.268595,0.164671,-0.843755,0.146102,0.224841
-0.420083,-0.269239,0.16429,-0.843048,0.144475,0.224321
-0.417721,-0.269904,0.163862,-0.842301,0.142793,0.223738
-0.41526,-0.270589,0.163387,-0.841516,0.14106,0.223089
-0.412698,-0.27129,0.162863,-0.840693,0.139279,0.222374
-0.41008,-0.272014,0.16229,-0.839857,0.137481,0.221591
-0.407363,-0.272745,0.161666,-0.838991,0.135629,0.220738
-0.40455,-0.27348,0.16099,-0.838101,0.133722,0.219816
-0.401643,-0.274214,0.160263,-0.837188,0.131762,0.218824
-0.398646,-0.274946,0.159485,-0.836255,0.129753,0.217761
-0.395563,-0.275674,0.158654,-0.835304,0.127701,0.216626
-0.392397,-0.276398,0.157771,-0.834335,0.125608,0.215421
-0.389153,-0.277117,0.156836,-0.833352,0.123477,0.214145
-0.385832,-0.277827,0.15585,-0.832357,0.121311,0.212798
-0.382437,-0.278527,0.154813,-0.831351,0.11911,0.211381
-0.378972,-0.279214,0.153724,-0.830337,0.116876,0.209895
-0.375438,-0.279887,0.152586,-0.829314,0.114615,0.208341
-0.371839,-0.280547,0.151398,-0.828282,0.112329,0.206719
-0.368177,-0.28119,0.150162,-0.827244,0.110022,0.205031
-0.364458,-0.281817,0.148878,-0.8262,0.107697,0.203278
-0.360683,-0.282426,0.147547,-0.825153,0.105356,0.201461
-0.356857,-0.283015,0.146171,-0.824103,0.103002,0.199582
-0.352984,-0.283586,0.14475,-0.823052,0.100639,0.197642
-0.349067,-0.284135,0.143286,-0.822002,0.0982689,0.195642
-0.345111,-0.284664,0.141779,-0.820953,0.095895,0.193586
-0.341118,-0.285172,0.140232,-0.819906,0.09352,0.191473
-0.337094,-0.285657,0.138646,-0.818864,0.0911467,0.189307
-0.333042,-0.286121,0.137022,-0.817826,0.088778,0.18709
-0.328965,-0.286563,0.135361,-0.816794,0.0864167,0.184822
-0.324869,-0.286984,0.133666,-0.815768,0.0840656,0.182507
-0.320756,-0.287383,0.131937,-0.814749,0.0817275,0.180147
-0.316632,-0.287762,0.130176,-0.813739,0.0794051,0.177743
-0.3125,-0.28812,0.128385,-0.812737,0.0771011,0.175298
-0.308363,-0.288458,0.126566,-0.811744,0.0748181,0.172814
-0.304227,-0.288777,0.12472,-0.810761,0.0725584,0.170293
-0.300094,-0.289077,0.122849,-0.809789,0.0703246,0.167738
-0.295969,-0.289359,0.120954,-0.808827,0.068119,0.165151
-0.291854,-0.289622,0.119038,-0.807879,0.0659393,0.162534
-0.287753,-0.289868,0.117101,-0.806944,0.0637876,0.15989
-0.283671,-0.290096,0.115146,-0.806021,0.0616673,0.157221
-0.27961,-0.29031,0.113175,-0.805112,0.0595819,0.154529
-0.275575,-0.29051,0.111188,-0.804214,0.0575343,0.151817
-0.271569,-0.290697,0.109189,-0.803329,0.0555272,0.149086
-0.267595,-0.290873,0.107178,-0.802458,0.0535566,0.14634
-0.263657,-0.291041,0.105157,-0.8016,0.0516247,0.143581
-0.259759,-0.291203,0.103128,-0.800754,0.0497361,0.140811
-0.255906,-0.291362,0.101092,-0.79992,0.0478953,0.138031
-0.252099,-0.291518,0.0990519,-0.799096,0.0461056,0.135246
-0.248344,-0.291673,0.0970083,-0.798282,0.0443692,0.132455
-0.244641,-0.291825,0.0949632,-0.797479,0.0426872,0.129663
-0.240993,-0.291974,0.0929181,-0.796686,0.0410601,0.126871
-0.237402,-0.292118,0.0908746,-0.795905,0.0394886,0.12408
-0.23387,-0.292258,0.0888341,-0.795134,0.0379728,0.121294
-0.2304,-0.292392,0.0867983,-0.794376,0.0365135,0.118514
-0.226992,-0.29252,0.0847685,-0.793629,0.035111,0.115743
-0.223649,-0.292641,0.0827462,-0.792894,0.0337656,0.112982
-0.220372,-0.292755,0.0807328,-0.792171,0.0324774,0.110233
-0.217163,-0.29286,0.0787296,-0.791461,0.0312464,0.107498
-0.214022,-0.292956,0.0767382,-0.790763,0.0300723,0.104778
-0.210951,-0.293041,0.0747596,-0.790078,0.0289545,0.102077
-0.207951,-0.293115,0.0727952,-0.789406,0.0278925,0.0993946
-0.20613,-0.293616,0.0708462,-0.789997,0.0261588,0.0967335
-0.204293,-0.293872,0.0689138,-0.790599,0.0245395,0.094095
-0.202573,-0.293833,0.0669992,-0.791347,0.0230759,0.0914808
-0.201002,-0.293468,0.0651034,-0.792347,0.0216497,0.0888923
-0.199589,-0.292793,0.0632275,-0.793659,0.0201342,0.0863309
-0.19835,-0.291879,0.0613726,-0.795284,0.0184796,0.0837982
-0.197314,-0.290838,0.0595395,-0.797175,0.016726,0.0812953
-0.196518,-0.289785,0.0577293,-0.799268,0.0149619,0.0788237
-0.195987,-0.288805,0.0559428,-0.801507,0.0132698,0.0763844
-0.195727,-0.287938,0.0541809,-0.803859,0.0116936,0.0739787
-0.19573,-0.287184,0.0524444,-0.806315,0.0102366,0.0716076
-0.195974,-0.286517,0.050734,-0.808877,0.00887891,0.0692722
-0.196436,-0.285903,0.0490505,-0.81155,0.00759109,0.0669735
-0.196277,-0.285878,0.0473944,-0.813507,0.00581732,0.0647124
-0.196659,-0.286352,0.0457666,-0.81533,0.00489043,0.0624897
-0.197649,-0.287525,0.0441674,-0.816872,0.0050571,0.0603062
-0.199185,-0.289362,0.0425975,-0.818131,0.0061676,0.0581627
-0.201145,-0.291701,0.0410574,-0.819179,0.00790405,0.0560598
-0.203388,-0.294335,0.0395475,-0.820112,0.00993183,0.0539982
-0.205785,-0.297068,0.0380682,-0.821021,0.0119834,0.0519783
-0.208227,-0.299735,0.0366198,-0.821972,0.0138861,0.0500008
-0.210637,-0.302219,0.0352028,-0.823009,0.0155517,0.0480659
-0.212966,-0.304443,0.0338173,-0.824157,0.0169542,0.0461742
-0.215191,-0.306368,0.0324637,-0.825421,0.0181088,0.044326
-0.217308,-0.307984,0.0311421,-0.826796,0.0190574,0.0425214
-0.219327,-0.309302,0.0298526,-0.828264,0.0198572,0.0407607
-0.221266,-0.310344,0.0285954,-0.829807,0.0205712,0.0390442
-0.223148,-0.311138,0.0273706,-0.831401,0.021259,0.0373718
-0.224997,-0.311711,0.0261781,-0.833031,0.0219707,0.0357436
-0.226831,-0.312087,0.0250181,-0.834681,0.0227437,0.0341597
-0.228669,-0.312289,0.0238904,-0.836345,0.0236032,0.03262
-0.230524,-0.312335,0.022795,-0.838018,0.0245651,0.0311243
-0.232407,-0.312241,0.0217318,-0.839697,0.0256386,0.0296727
-0.234327,-0.31202,0.0207007,-0.841383,0.0268287,0.0282647
-0.236291,-0.311684,0.0197014,-0.843076,0.0281373,0.0269003
-0.238303,-0.31124,0.0187338,-0.844775,0.0295634,0.0255791
-0.240357,-0.310694,0.0177976,-0.846478,0.0311002,0.0243008
-0.242447,-0.31005,0.0168925,-0.848183,0.0327391,0.0230651
-0.244573,-0.309315,0.0160183,-0.849891,0.0344753,0.0218715
-0.246735,-0.308497,0.0151747,-0.8516,0.0363036,0.0207195
-0.248929,-0.307603,0.0143612,-0.853305,0.038222,0.0196088
-0.251149,-0.306638,0.0135776,-0.855005,0.0402219,0.0185388
-0.253384,-0.305598,0.0128233,-0.856702,0.0422872,0.017509
-0.255628,-0.304486,0.012098,-0.858398,0.0444045,0.0165187
-0.257869,-0.303299,0.0114013,-0.860096,0.0465572,0.0155673
-0.260076,-0.30203,0.0107326,-0.861794,0.0487092,0.0146542
-0.262244,-0.30068,0.0100914,-0.863494,0.0508518,0.0137788
-0.264365,-0.299254,0.00947729,-0.865193,0.0529773,0.0129403
-0.266434,-0.297754,0.00888971,-0.866891,0.0550792,0.012138
-0.268446,-0.296184,0.00832809,-0.868584,0.0571517,0.0113712
-0.270394,-0.294548,0.00779189,-0.870271,0.0591897,0.0106391
-0.272273,-0.292852,0.00728053,-0.871947,0.0611885,0.00994084
-0.27408,-0.2911,0.00679341,-0.87361,0.063144,0.00927573
-0.235932,0.0163615,0.13937,-0.950049,-0.232684,0.0257222
-0.235932,0.0163616,0.139371,-0.950049,-0.232684,0.0257227
-0.235934,0.016362,0.139385,-0.95005,-0.232684,0.0257372
-0.235939,0.0163634,0.139475,-0.950053,-0.232683,0.0258271
-0.23595,0.0163667,0.139777,-0.950059,-0.232681,0.0261284
-0.235969,0.0163734,0.140505,-0.95007,-0.232676,0.0268572
-0.235998,0.016386,0.141946,-0.950086,-0.23267,0.0282978
-0.236041,0.0164069,0.144425,-0.950109,-0.23266,0.0307774
-0.236102,0.0164392,0.148279,-0.950141,-0.232648,0.034631
-0.236183,0.0164864,0.153809,-0.950182,-0.232632,0.0401606
-0.236289,0.0165516,0.16124,-0.950235,-0.232612,0.0475918
-0.236424,0.0166384,0.170681,-0.950301,-0.232586,0.0570334
-0.23659,0.0167502,0.18209,-0.950381,-0.232554,0.068442
-0.236792,0.0168904,0.195245,-0.950477,-0.232513,0.0815966
-0.23703,0.0170622,0.209735,-0.95059,-0.232463,0.0960869
-0.237308,0.0172687,0.224967,-0.95072,-0.232399,0.111319
-0.237623,0.0175125,0.24019,-0.950866,-0.23232,0.126542
-0.237976,0.0177948,0.254549,-0.951027,-0.232223,0.140901
-0.238365,0.0181128,0.267165,-0.951208,-0.232102,0.153517
-0.238788,0.0184674,0.277253,-0.951409,-0.231952,0.163605
-0.239246,0.0188609,0.284268,-0.951631,-0.231771,0.17062
-0.23974,0.0192947,0.288102,-0.951876,-0.231555,0.174454
-0.240273,0.0197715,0.289316,-0.952143,-0.231305,0.175668
-0.240848,0.0202939,0.28937,-0.952435,-0.231019,0.175722
-0.241469,0.020862,0.289365,-0.952754,-0.230698,0.175719
-0.242138,0.0214733,0.289347,-0.953106,-0.23034,0.175708
-0.242853,0.0221227,0.289308,-0.953493,-0.229941,0.175684
-0.243611,0.0228034,0.28924,-0.953921,-0.229492,0.175643
-0.244408,0.0235082,0.289136,-0.954392,-0.228988,0.17558
-0.245239,0.0242309,0.28899,-0.954909,-0.228421,0.175492
-0.246099,0.0249663,0.288796,-0.955473,-0.227783,0.175374
-0.246985,0.0257109,0.288548,-0.95608,-0.227071,0.175223
-0.248146,0.0265154,0.288241,-0.956825,-0.226516,0.175037
-0.249388,0.0274053,0.287871,-0.957599,-0.225937,0.174812
-0.250702,0.028371,0.287433,-0.958404,-0.22533,0.174546
-0.25207,0.0293901,0.286923,-0.959242,-0.224675,0.174236
-0.253474,0.0304449,0.286339,-0.960116,-0.223956,0.173881
-0.254905,0.031531,0.285676,-0.96102,-0.223168,0.173479
-0.256764,0.0329054,0.284933,-0.96188,-0.222912,0.173028
-0.25868,0.03432,0.284107,-0.962817,-0.222538,0.172526
-0.260624,0.0357294,0.283196,-0.963844,-0.222023,0.171973
-0.262598,0.0371511,0.282199,-0.964935,-0.221409,0.171367
-0.26462,0.0386321,0.281114,-0.966049,-0.22075,0.170708
-0.266704,0.0402194,0.279939,-0.96715,-0.220079,0.169995
-0.268854,0.041937,0.278675,-0.968225,-0.219404,0.169228
-0.271116,0.0435114,0.277321,-0.969694,-0.218377,0.168405
-0.273438,0.045183,0.275877,-0.971203,-0.217258,0.167528
-0.275808,0.0469337,0.274342,-0.972756,-0.216037,0.166596
-0.278214,0.0487204,0.272716,-0.974381,-0.214688,0.165609
-0.280646,0.05051,0.271001,-0.976093,-0.213201,0.164567
-0.284137,0.0531267,0.269197,-0.978694,-0.211147,0.163472
-0.287834,0.0559385,0.267305,-0.981518,-0.208836,0.162323
-0.291846,0.0590959,0.265326,-0.984585,-0.206275,0.161121
-0.296225,0.0626355,0.26326,-0.987928,-0.203457,0.159867
-0.300995,0.0665445,0.26111,-0.991583,-0.200375,0.158561
-0.306171,0.0707965,0.258878,-0.995587,-0.197016,0.157205
-0.311767,0.0753757,0.256564,-0.999975,-0.193359,0.1558
-0.317806,0.0802879,0.25417,-1.00478,-0.18938,0.154347
-0.321556,0.083522,0.251699,-1.00765,-0.186413,0.152846
-0.325206,0.0863176,0.249153,-1.01083,-0.183125,0.1513
-0.328625,0.0883921,0.246534,-1.01439,-0.179338,0.14971
-0.331919,0.0899305,0.243844,-1.01823,-0.175143,0.148076
-0.335455,0.0915091,0.241086,-1.02219,-0.17088,0.146401
-0.339315,0.0938606,0.238262,-1.02569,-0.167129,0.144686
-0.34307,0.0962491,0.235374,-1.02885,-0.163587,0.142933
-0.346261,0.0980452,0.232426,-1.03182,-0.159859,0.141142
-0.34521,0.0902589,0.229419,-1.03768,-0.14829,0.139317
-0.344544,0.0835682,0.226358,-1.04159,-0.137822,0.137458
-0.344698,0.0783097,0.223244,-1.04471,-0.128139,0.135567
-0.345464,0.0745303,0.220081,-1.04733,-0.119335,0.133646
-0.346662,0.0718761,0.216871,-1.04973,-0.111258,0.131696
-0.348132,0.0698481,0.213617,-1.05208,-0.103581,0.12972
-0.349778,0.0680718,0.210322,-1.05446,-0.096026,0.12772
-0.35153,0.0663919,0.20699,-1.05686,-0.0884838,0.125696
-0.353354,0.06484,0.203622,-1.05914,-0.0810049,0.123651
-0.356728,0.0739712,0.200223,-1.06141,-0.0827313,0.121587
-0.361209,0.0859732,0.196795,-1.06326,-0.0875254,0.119505
-0.366069,0.0962897,0.193341,-1.06487,-0.0915545,0.117408
-0.370508,0.103472,0.189864,-1.0666,-0.0933516,0.115296
-0.37358,0.106248,0.186367,-1.06876,-0.0915192,0.113173
-0.375752,0.107287,0.182853,-1.07086,-0.0881404,0.111039
-0.377553,0.108789,0.179324,-1.07241,-0.0851516,0.108896
-0.379465,0.112246,0.175785,-1.07315,-0.0839419,0.106747
-0.381654,0.117566,0.172237,-1.07314,-0.0845443,0.104592
-0.383968,0.123541,0.168684,-1.07268,-0.0859819,0.102434
-0.386105,0.12891,0.165128,-1.07213,-0.0871622,0.100275
-0.387851,0.133073,0.161571,-1.07173,-0.0875097,0.0981154
-0.389205,0.136193,0.158018,-1.07151,-0.0870806,0.0959576
-0.390297,0.138852,0.15447,-1.0713,-0.086254,0.093803
-0.39127,0.141587,0.15093,-1.07096,-0.0854101,0.0916533
-0.392186,0.144603,0.1474,-1.07041,-0.0847028,0.0895099
-0.393014,0.14779,0.143884,-1.06967,-0.0840528,0.0873745
-0.393672,0.150891,0.140383,-1.06883,-0.0832764,0.0852485
-0.394073,0.153659,0.1369,-1.06797,-0.0821978,0.0831333
-0.394167,0.155961,0.133437,-1.06714,-0.0807282,0.0810304
-0.393948,0.157784,0.129996,-1.06633,-0.0788703,0.0789412
-0.393435,0.159185,0.126581,-1.06552,-0.0766771,0.0768669
-0.392656,0.160216,0.123192,-1.06471,-0.0742036,0.0748089
-0.391633,0.160898,0.119831,-1.06388,-0.0714804,0.0727685
-0.390384,0.161218,0.116502,-1.06306,-0.0685143,0.0707468
-0.38893,0.161147,0.113206,-1.06226,-0.0653042,0.0687449
-0.387298,0.16067,0.109944,-1.06149,-0.0618582,0.0667641
-0.385524,0.159795,0.106718,-1.06078,-0.0582015,0.0648054
-0.383652,0.158551,0.103531,-1.06012,-0.0543755,0.0628698
-0.381724,0.156982,0.100383,-1.05951,-0.0504298,0.0609584
-0.379781,0.155135,0.0972766,-1.05896,-0.0464157,0.0590719
-0.377866,0.153051,0.0942129,-1.05846,-0.0423891,0.0572115
-0.376015,0.150754,0.0911934,-1.05802,-0.0384058,0.0553778
-0.37424,0.148267,0.0882192,-1.05764,-0.0344938,0.0535718
-0.372549,0.145616,0.0852918,-1.05731,-0.0306819,0.0517941
-0.370944,0.142834,0.0824122,-1.05701,-0.0270001,0.0500454
-0.36943,0.139955,0.0795815,-1.05674,-0.0234783,0.0483265
-0.368003,0.137014,0.0768009,-1.05647,-0.0201434,0.0466379
-0.366661,0.134043,0.074071,-1.05621,-0.0170181,0.0449802
-0.3654,0.131072,0.071393,-1.05593,-0.0141218,0.0433539
-0.364213,0.128131,0.0687674,-1.05564,-0.0114714,0.0417595
-0.363095,0.125249,0.0661951,-1.05533,-0.00908258,0.0401975
-0.362041,0.122458,0.0636767,-1.05498,-0.00697051,0.0386681
-0.361047,0.119789,0.0612127,-1.0546,-0.00514917,0.0371718
-0.360109,0.117271,0.0588035,-1.05418,-0.00363043,0.0357089
-0.359224,0.11493,0.0564497,-1.05372,-0.00242316,0.0342795
-0.358389,0.11279,0.0541516,-1.05322,-0.00153259,0.032884
-0.357602,0.11087,0.0519094,-1.05268,-0.000960068,0.0315224
-0.356861,0.109186,0.0497233,-1.0521,-0.000703162,0.0301948
-0.356167,0.107752,0.0475935,-1.05148,-0.000755687,0.0289015
-0.35552,0.106578,0.04552,-1.05083,-0.00110785,0.0276424
-0.354922,0.10567,0.0435029,-1.05015,-0.00174639,0.0264174
-0.354375,0.10503,0.041542,-1.04944,-0.0026549,0.0252267
-0.353884,0.10466,0.0396373,-1.04871,-0.00381428,0.02407
-0.353456,0.104558,0.0377886,-1.04796,-0.00520364,0.0229474
-0.34758,0.110819,0.0359955,-1.03933,-0.0138662,0.0218585
-0.347114,0.126964,0.0342579,-1.03183,-0.0295592,0.0208034
-0.346413,0.139381,0.0325753,-1.02424,-0.0426337,0.0197816
-0.344924,0.14857,0.0309474,-1.01663,-0.0531178,0.0187931
-0.342344,0.155538,0.0293737,-1.0089,-0.0611547,0.0178374
-0.338561,0.161089,0.0278536,-1.00093,-0.0669449,0.0169143
-0.333673,0.165697,0.0263866,-0.992662,-0.0710148,0.0160235
-0.327804,0.169636,0.0249721,-0.984051,-0.073847,0.0151645
-0.321171,0.172955,0.0236095,-0.97516,-0.0759361,0.014337
-0.313973,0.175627,0.0222979,-0.966085,-0.0776575,0.0135406
-0.306375,0.177638,0.0210368,-0.956913,-0.0792589,0.0127747
-0.298492,0.179002,0.0198252,-0.94771,-0.080878,0.012039
-0.290412,0.179764,0.0186624,-0.938523,-0.082582,0.0113329
-0.282161,0.179933,0.0175475,-0.92945,-0.0842298,0.0106559
-0.283103,0.180079,0.0164797,-0.929154,-0.0868295,0.0100074
-0.284081,0.180793,0.0154579,-0.928471,-0.0897693,0.00938695
-0.285351,0.182366,0.0144814,-0.92746,-0.0931353,0.00879392
-0.286826,0.184383,0.013549,-0.926349,-0.0965931,0.00822773
-0.288352,0.186389,0.0126598,-0.92535,-0.0998157,0.00768776
-0.289834,0.188162,0.0118128,-0.92455,-0.102672,0.00717339
-0.0229972,-0.217571,0.209437,-1.40484,0.140131,0.102701
-0.0229975,-0.217571,0.209437,-1.40484,0.140132,0.102701
-0.0229997,-0.217569,0.209452,-1.40483,0.140133,0.102716
-0.0230047,-0.217561,0.209542,-1.40481,0.140137,0.102806
-0.0230133,-0.217546,0.209843,-1.40476,0.140142,0.103107
-0.0230258,-0.21752,0.210572,-1.40469,0.140149,0.103836
-0.0230421,-0.217482,0.212012,-1.40458,0.14016,0.105276
-0.0230616,-0.21743,0.214492,-1.40443,0.140173,0.107756
-0.0230835,-0.217362,0.218346,-1.40422,0.140189,0.11161
-0.0231069,-0.217276,0.223875,-1.40394,0.140205,0.117139
-0.0231324,-0.21717,0.231306,-1.4036,0.140221,0.12457
-0.0231612,-0.217044,0.240748,-1.40318,0.140238,0.134012
-0.023195,-0.216899,0.252157,-1.40268,0.140257,0.145421
-0.0232358,-0.216737,0.265311,-1.40208,0.140282,0.158575
-0.023285,-0.216559,0.279802,-1.40139,0.140315,0.173066
-0.0233434,-0.216362,0.295034,-1.40059,0.140358,0.188298
-0.023411,-0.216148,0.310257,-1.39967,0.140413,0.203521
-0.0234874,-0.215913,0.324615,-1.39864,0.140481,0.217879
-0.0235723,-0.215656,0.337232,-1.39747,0.140561,0.230496
-0.0236706,-0.215376,0.34732,-1.39618,0.140658,0.240584
-0.0237876,-0.21507,0.354335,-1.39475,0.140773,0.247599
-0.0239265,-0.214739,0.358168,-1.39318,0.140909,0.251432
-0.0240906,-0.214382,0.359383,-1.39148,0.141071,0.252647
-0.0242854,-0.213994,0.359437,-1.38963,0.141262,0.252701
-0.0245187,-0.213572,0.359431,-1.38764,0.141487,0.252696
-0.0248,-0.213107,0.359408,-1.38551,0.141761,0.252681
-0.025136,-0.212598,0.359359,-1.38325,0.142091,0.252647
-0.02553,-0.212047,0.359275,-1.38083,0.142501,0.252587
-0.0259871,-0.211468,0.359146,-1.37825,0.142983,0.252497
-0.0265114,-0.210871,0.358965,-1.37552,0.143531,0.252369
-0.027105,-0.210257,0.358724,-1.37262,0.144145,0.2522
-0.0277676,-0.20962,0.358416,-1.36956,0.144829,0.251983
-0.0284989,-0.208951,0.358035,-1.36633,0.145589,0.251715
-0.0293024,-0.208237,0.357575,-1.36293,0.146426,0.251392
-0.0301836,-0.207466,0.35703,-1.35938,0.147342,0.251009
-0.031149,-0.20664,0.356397,-1.35568,0.148342,0.250564
-0.0322054,-0.20576,0.355671,-1.35183,0.149426,0.250054
-0.0333588,-0.204828,0.354848,-1.34783,0.150594,0.249475
-0.0346146,-0.203844,0.353925,-1.3437,0.151846,0.248826
-0.0359781,-0.202808,0.352899,-1.33942,0.153182,0.248105
-0.037455,-0.201717,0.351768,-1.33502,0.154604,0.247309
-0.0390517,-0.20057,0.350529,-1.3305,0.156117,0.246438
-0.0407744,-0.199366,0.349181,-1.32585,0.157727,0.245491
-0.0426292,-0.198104,0.347722,-1.32109,0.15944,0.244465
-0.0446214,-0.196783,0.346152,-1.31621,0.161262,0.243361
-0.0467553,-0.195402,0.34447,-1.31123,0.163194,0.242179
-0.0490345,-0.193961,0.342676,-1.30614,0.16524,0.240917
-0.0514619,-0.19246,0.340769,-1.30095,0.167402,0.239577
-0.0540403,-0.190899,0.33875,-1.29566,0.169684,0.238157
-0.056772,-0.189278,0.33662,-1.29028,0.172089,0.23666
-0.0596593,-0.187598,0.334379,-1.28481,0.174622,0.235084
-0.0627041,-0.185861,0.332029,-1.27924,0.177285,0.233432
-0.0659082,-0.184069,0.32957,-1.27358,0.180086,0.231703
-0.0692729,-0.182226,0.327005,-1.26783,0.183028,0.2299
-0.0727994,-0.180335,0.324334,-1.26198,0.186118,0.228022
-0.076489,-0.178402,0.321561,-1.25604,0.189361,0.226072
-0.0803424,-0.176434,0.318687,-1.24998,0.192765,0.224052
-0.0843607,-0.174436,0.315714,-1.24382,0.196335,0.221961
-0.0885449,-0.172416,0.312645,-1.23754,0.20008,0.219804
-0.0928963,-0.170381,0.309482,-1.23114,0.204007,0.21758
-0.0974169,-0.168337,0.306229,-1.22459,0.208123,0.215293
-0.102109,-0.166291,0.302887,-1.21791,0.212435,0.212944
-0.106976,-0.164248,0.299461,-1.21108,0.216951,0.210535
-0.112021,-0.162213,0.295953,-1.2041,0.221677,0.208069
-0.117251,-0.16019,0.292366,-1.19695,0.22662,0.205547
-0.12267,-0.158181,0.288704,-1.18964,0.231786,0.202972
-0.128286,-0.156189,0.28497,-1.18216,0.237182,0.200347
-0.134106,-0.154212,0.281167,-1.1745,0.242812,0.197674
-0.14014,-0.152252,0.277299,-1.16668,0.248683,0.194954
-0.146396,-0.150308,0.27337,-1.15867,0.254798,0.192192
-0.152887,-0.148379,0.269382,-1.15048,0.261165,0.189388
-0.159622,-0.146464,0.265341,-1.1421,0.267788,0.186547
-0.166616,-0.144562,0.261248,-1.13353,0.274672,0.18367
-0.173883,-0.142672,0.257109,-1.12475,0.281825,0.18076
-0.181439,-0.140797,0.252926,-1.11575,0.289252,0.177819
-0.189304,-0.138936,0.248704,-1.10652,0.296962,0.17485
-0.197502,-0.137091,0.244446,-1.09701,0.30496,0.171857
-0.204821,-0.131932,0.240155,-1.09306,0.311358,0.16884
-0.2124,-0.126828,0.235836,-1.08867,0.318244,0.165804
-0.220443,-0.122056,0.231493,-1.08355,0.325719,0.16275
-0.214568,-0.112301,0.227128,-1.07869,0.32698,0.159681
-0.210003,-0.103854,0.222745,-1.07221,0.3286,0.1566
-0.206547,-0.0969836,0.218349,-1.0641,0.330667,0.153509
-0.204107,-0.0916787,0.213942,-1.05479,0.333073,0.150411
-0.202283,-0.0873883,0.209528,-1.04482,0.335671,0.147308
-0.20073,-0.0836209,0.205111,-1.03458,0.338309,0.144202
-0.199288,-0.0801807,0.200694,-1.02424,0.340877,0.141097
-0.197944,-0.0771327,0.19628,-1.01383,0.343301,0.137994
-0.196746,-0.0746495,0.191872,-1.00331,0.345525,0.134895
-0.195723,-0.072857,0.187475,-0.992652,0.347482,0.131804
-0.194845,-0.0717514,0.183091,-0.98193,0.349097,0.128722
-0.194017,-0.0711935,0.178723,-0.97127,0.350279,0.125651
-0.193037,-0.0707976,0.174374,-0.96091,0.350956,0.122593
-0.191625,-0.0701297,0.170048,-0.951172,0.350916,0.119552
-0.189677,-0.0688377,0.165746,-0.942247,0.35022,0.116527
-0.209571,-0.110575,0.161473,-0.886673,0.369553,0.113523
-0.227377,-0.137862,0.15723,-0.837595,0.381162,0.11054
-0.24381,-0.157937,0.15302,-0.790998,0.38886,0.107581
-0.258777,-0.17394,0.148847,-0.746738,0.392756,0.104646
-0.266698,-0.184728,0.144711,-0.711911,0.393126,0.101739
-0.253426,-0.184427,0.140617,-0.709811,0.390106,0.09886
-0.248646,-0.185792,0.136565,-0.705089,0.388022,0.0960115
-0.22817,-0.180724,0.132558,-0.711591,0.382296,0.0931947
-0.210077,-0.175015,0.128599,-0.715628,0.37636,0.0904112
-0.209541,-0.178957,0.124689,-0.701934,0.376282,0.0876624
-0.217231,-0.188685,0.120831,-0.679635,0.377757,0.0849496
-0.225243,-0.198444,0.117025,-0.660558,0.377158,0.0822741
-0.227757,-0.20558,0.113274,-0.652052,0.37279,0.0796372
-0.223968,-0.209796,0.10958,-0.654299,0.36477,0.07704
-0.217339,-0.212081,0.105944,-0.662295,0.354434,0.0744835
-0.21201,-0.214142,0.102367,-0.670629,0.34371,0.0719688
-0.197923,-0.212194,0.098851,-0.684716,0.327556,0.0694969
-0.180182,-0.206665,0.095397,-0.700008,0.308282,0.0670686
-0.166421,-0.20065,0.0920062,-0.711456,0.291233,0.0646847
-0.159312,-0.196459,0.0886797,-0.717998,0.279596,0.062346
-0.157845,-0.194336,0.0854184,-0.721238,0.273145,0.0600531
-0.159419,-0.193201,0.0822233,-0.723148,0.269731,0.0578068
-0.161798,-0.192094,0.079095,-0.724765,0.267454,0.0556075
-0.163981,-0.190596,0.0760344,-0.726288,0.265618,0.0534557
-0.18092,-0.210967,0.0730419,-0.719319,0.264478,0.0513519
-0.197483,-0.228402,0.0701182,-0.713352,0.263754,0.0492964
-0.216073,-0.244721,0.0672636,-0.707242,0.26478,0.0472894
-0.237295,-0.260608,0.0644785,-0.701079,0.266894,0.0453314
-0.258228,-0.274967,0.0617631,-0.696975,0.267549,0.0434223
-0.279363,-0.288558,0.0591176,-0.694932,0.266782,0.0415624
-0.286338,-0.295021,0.056542,-0.70446,0.25744,0.0397517
-0.302759,-0.302738,0.0540365,-0.708865,0.255667,0.0379902
-0.324447,-0.309991,0.0516008,-0.710619,0.258651,0.0362778
-0.344274,-0.315114,0.0492349,-0.714049,0.261358,0.0346144
-0.361829,-0.318386,0.0469385,-0.719836,0.263294,0.0329999
-0.377381,-0.320316,0.0447113,-0.727249,0.264705,0.0314341
-0.391332,-0.321239,0.0425529,-0.735706,0.265855,0.0299167
-0.404058,-0.321318,0.040463,-0.744698,0.267046,0.0284474
-0.41457,-0.320537,0.0384409,-0.754742,0.267592,0.0270257
-0.426342,-0.320116,0.0364861,-0.762473,0.26951,0.0256514
-0.437435,-0.319602,0.034598,-0.769762,0.271441,0.024324
-0.446618,-0.318861,0.0327758,-0.777813,0.272396,0.0230429
-0.453587,-0.317623,0.0310188,-0.786761,0.272433,0.0218076
-0.4587,-0.31555,0.0293261,-0.796389,0.272108,0.0206177
-0.462414,-0.312561,0.027697,-0.806376,0.271799,0.0194723
-0.464595,-0.308363,0.0261305,-0.816683,0.27167,0.018371
-0.465313,-0.303,0.0246255,-0.827169,0.271682,0.0173129
-0.465045,-0.296875,0.0231812,-0.837394,0.271838,0.0162975
-0.46448,-0.29055,0.0217964,-0.846742,0.272295,0.0153239
-0.464066,-0.284422,0.02047,-0.854798,0.273217,0.0143913
-0.457345,-0.275888,0.0192008,-0.875637,0.26382,0.0134991
-0.452061,-0.267369,0.0179878,-0.892905,0.256129,0.0126463
-0.448243,-0.259307,0.0168297,-0.90698,0.250258,0.011832
-0.445334,-0.251561,0.0157252,-0.918458,0.246061,0.0110555
-0.442668,-0.244032,0.0146731,-0.928512,0.242446,0.0103158
-0.324183,0.112164,0.00171626,-1.02983,-0.0323688,0.140637
-0.324183,0.112163,0.00171677,-1.02983,-0.032369,0.140638
-0.324188,0.112162,0.00173125,-1.02983,-0.0323707,0.140652
-0.324203,0.112162,0.00182119,-1.02984,-0.0323785,0.140742
-0.324237,0.112166,0.00212252,-1.02986,-0.0323997,0.141044
-0.324306,0.112176,0.00285129,-1.02989,-0.0324435,0.141772
-0.324427,0.112196,0.00429185,-1.02992,-0.0325182,0.143213
-0.324621,0.112223,0.00677145,-1.02996,-0.0326297,0.145692
-0.324905,0.112246,0.0106251,-1.03,-0.0327837,0.149546
-0.325243,0.11227,0.0161547,-1.03008,-0.0329733,0.155076
-0.325673,0.112295,0.0235859,-1.03018,-0.0332157,0.162507
-0.326207,0.112319,0.0330274,-1.03028,-0.0335173,0.171948
-0.326849,0.11234,0.044436,-1.03041,-0.0338843,0.183357
-0.327603,0.112358,0.0575906,-1.03055,-0.0343232,0.196512
-0.328472,0.11237,0.072081,-1.03072,-0.0348408,0.211002
-0.329456,0.112375,0.087313,-1.0309,-0.0354439,0.226234
-0.330557,0.112371,0.102536,-1.0311,-0.0361387,0.241457
-0.331776,0.112359,0.116895,-1.03132,-0.0369309,0.255816
-0.333114,0.112337,0.129511,-1.03154,-0.0378253,0.268432
-0.334572,0.112306,0.139599,-1.03175,-0.0388261,0.27852
-0.336149,0.112268,0.146614,-1.03195,-0.0399358,0.285535
-0.337844,0.112226,0.150448,-1.03212,-0.0411561,0.289369
-0.339653,0.112181,0.151662,-1.03227,-0.0424879,0.290583
-0.341572,0.112138,0.151716,-1.0324,-0.043931,0.290637
-0.343592,0.112102,0.151714,-1.03251,-0.045485,0.290632
-0.345702,0.112075,0.151704,-1.03261,-0.0471484,0.290614
-0.347889,0.112063,0.151684,-1.03272,-0.048919,0.290575
-0.350137,0.11207,0.151648,-1.03284,-0.0507932,0.290506
-0.352433,0.112099,0.151594,-1.03298,-0.0527661,0.290402
-0.354763,0.112153,0.151517,-1.03315,-0.0548317,0.290256
-0.357117,0.112235,0.151415,-1.03335,-0.0569829,0.290061
-0.359483,0.112347,0.151285,-1.03359,-0.0592118,0.289812
-0.361856,0.112487,0.151124,-1.03388,-0.0615113,0.289503
-0.364242,0.112649,0.15093,-1.0342,-0.0638826,0.289131
-0.366647,0.112827,0.150701,-1.03458,-0.0663255,0.288691
-0.369076,0.113019,0.150433,-1.03498,-0.0688368,0.28818
-0.371535,0.113225,0.150127,-1.03543,-0.0714152,0.287593
-0.37403,0.113443,0.14978,-1.0359,-0.0740606,0.286927
-0.376569,0.113671,0.14939,-1.0364,-0.0767737,0.286181
-0.379161,0.113908,0.148957,-1.03693,-0.0795563,0.285351
-0.381813,0.114154,0.148479,-1.03747,-0.0824105,0.284436
-0.384537,0.114409,0.147956,-1.03804,-0.0853389,0.283435
-0.38734,0.114673,0.147387,-1.03863,-0.088344,0.282344
-0.390231,0.114945,0.146772,-1.03924,-0.091432,0.281165
-0.393215,0.11522,0.146109,-1.03986,-0.0946088,0.279896
-0.397401,0.11546,0.145399,-1.04067,-0.0982788,0.278535
-0.401643,0.115714,0.144642,-1.04151,-0.102027,0.277085
-0.405901,0.115915,0.143837,-1.04249,-0.105855,0.275543
-0.410235,0.116121,0.142985,-1.04357,-0.109743,0.27391
-0.416312,0.117671,0.142085,-1.04218,-0.113994,0.272188
-0.422394,0.118981,0.14114,-1.04124,-0.118301,0.270376
-0.428223,0.120053,0.140147,-1.04063,-0.12267,0.268475
-0.433789,0.120931,0.13911,-1.04037,-0.127091,0.266487
-0.439121,0.121671,0.138027,-1.0404,-0.131551,0.264413
-0.444144,0.122235,0.1369,-1.04081,-0.136039,0.262254
-0.448688,0.122525,0.135729,-1.04178,-0.140535,0.260011
-0.452889,0.122679,0.134516,-1.04306,-0.144991,0.257687
-0.456766,0.122723,0.133261,-1.04461,-0.149374,0.255283
-0.460303,0.122664,0.131966,-1.04641,-0.153643,0.252802
-0.4634,0.122474,0.130631,-1.04848,-0.157735,0.250244
-0.469276,0.122189,0.129257,-1.05088,-0.162906,0.247614
-0.473618,0.121531,0.127847,-1.05425,-0.167397,0.244912
-0.477187,0.120757,0.126401,-1.05814,-0.171339,0.242141
-0.4803,0.119967,0.12492,-1.06235,-0.174782,0.239305
-0.483021,0.119171,0.123406,-1.06679,-0.177718,0.236405
-0.485418,0.118357,0.12186,-1.07141,-0.180167,0.233443
-0.487647,0.117548,0.120284,-1.07605,-0.182241,0.230424
-0.489807,0.116884,0.118679,-1.08022,-0.184183,0.227349
-0.491862,0.116538,0.117046,-1.08327,-0.186314,0.224222
-0.493951,0.116507,0.115388,-1.08505,-0.188937,0.221044
-0.496073,0.116692,0.113705,-1.0856,-0.192214,0.21782
-0.49805,0.116901,0.111999,-1.08517,-0.196072,0.214552
-0.499575,0.116912,0.110271,-1.08416,-0.200222,0.211243
-0.500343,0.116598,0.108524,-1.08293,-0.20427,0.207896
-0.500363,0.115799,0.106759,-1.08217,-0.207838,0.204514
-0.499519,0.114515,0.104977,-1.08205,-0.210629,0.2011
-0.498291,0.11311,0.103179,-1.08236,-0.212738,0.197656
-0.499718,0.113696,0.101368,-1.08155,-0.215945,0.194187
-0.503167,0.115779,0.0995452,-1.07993,-0.220034,0.190695
-0.507994,0.118793,0.0977117,-1.07777,-0.224726,0.187183
-0.51316,0.121943,0.0958693,-1.07557,-0.229485,0.183653
-0.518302,0.124958,0.0940194,-1.07348,-0.234167,0.18011
-0.523431,0.127843,0.0921637,-1.07147,-0.23882,0.176555
-0.528558,0.130632,0.0903036,-1.06949,-0.243451,0.172991
-0.533271,0.133144,0.0884406,-1.06776,-0.247802,0.169422
-0.537336,0.135312,0.0865761,-1.06639,-0.251714,0.165851
-0.540786,0.137206,0.0847116,-1.06535,-0.255183,0.162279
-0.543704,0.138905,0.0828485,-1.06461,-0.258233,0.15871
-0.546184,0.140477,0.0809883,-1.06408,-0.260911,0.155146
-0.548421,0.141996,0.0791322,-1.06375,-0.26329,0.151591
-0.550736,0.143562,0.0772817,-1.06364,-0.265482,0.148046
-0.553245,0.145233,0.075438,-1.06369,-0.267541,0.144514
-0.556038,0.147058,0.0736024,-1.06388,-0.269509,0.140997
-0.559186,0.149079,0.0717762,-1.06417,-0.271421,0.137499
-0.562738,0.151324,0.0699606,-1.06453,-0.273304,0.134021
-0.566733,0.153809,0.0681568,-1.06495,-0.275183,0.130565
-0.5712,0.156544,0.0663659,-1.06541,-0.277077,0.127135
-0.576167,0.159538,0.0645891,-1.06588,-0.279008,0.123731
-0.581669,0.162796,0.0628274,-1.06636,-0.280993,0.120356
-0.587756,0.16633,0.0610818,-1.06682,-0.283055,0.117012
-0.594497,0.170156,0.0593535,-1.06725,-0.285223,0.113701
-0.60199,0.174303,0.0576433,-1.0676,-0.287538,0.110425
-0.609793,0.178503,0.0559521,-1.06812,-0.289774,0.107185
-0.617239,0.182343,0.054281,-1.06918,-0.29167,0.103984
-0.623985,0.185456,0.0526307,-1.07098,-0.293254,0.100823
-0.63011,0.186962,0.051002,-1.07066,-0.297327,0.0977026
-0.635715,0.187831,0.0493957,-1.07067,-0.3014,0.0946254
-0.639738,0.187747,0.0478125,-1.07191,-0.304586,0.0915926
-0.641035,0.186271,0.0462532,-1.07535,-0.30597,0.0886055
-0.637902,0.182074,0.0447183,-1.08229,-0.304808,0.0856652
-0.625922,0.168216,0.0432086,-1.09297,-0.303551,0.082773
-0.641325,0.178551,0.0417244,-1.08461,-0.311524,0.07993
-0.647035,0.185705,0.0402665,-1.08447,-0.30951,0.0771371
-0.637544,0.180852,0.0388353,-1.09411,-0.301802,0.0743954
-0.625001,0.17179,0.0374312,-1.10685,-0.291698,0.0717056
-0.612639,0.161019,0.0360546,-1.12005,-0.28027,0.0690685
-0.602507,0.150701,0.034706,-1.13203,-0.268828,0.066485
-0.595288,0.142296,0.0333856,-1.14228,-0.258118,0.0639555
-0.590619,0.135854,0.0320937,-1.15108,-0.248448,0.0614807
-0.5876,0.130542,0.0308306,-1.15921,-0.239363,0.059061
-0.585342,0.125196,0.0295965,-1.16754,-0.230028,0.0566969
-0.582831,0.118297,0.0283916,-1.17635,-0.219984,0.0543887
-0.581026,0.110823,0.027216,-1.18465,-0.211096,0.0521367
-0.580704,0.104935,0.0260698,-1.19067,-0.205964,0.049941
-0.588483,0.113509,0.0249532,-1.18816,-0.214666,0.0478019
-0.594787,0.125053,0.0238661,-1.18165,-0.22315,0.0457193
-0.599651,0.135304,0.0228085,-1.17514,-0.229446,0.0436934
-0.602013,0.142831,0.0217804,-1.16999,-0.232295,0.0417239
-0.601849,0.147753,0.0207818,-1.16656,-0.231767,0.0398109
-0.600534,0.151719,0.0198125,-1.16422,-0.229171,0.037954
-0.598917,0.155705,0.0188724,-1.16231,-0.225568,0.0361531
-0.599034,0.159066,0.0179614,-1.1593,-0.226308,0.0344079
-0.600432,0.163221,0.0170792,-1.1559,-0.228317,0.032718
-0.602784,0.168605,0.0162257,-1.15222,-0.2305,0.0310829
-0.605799,0.175,0.0154006,-1.14825,-0.232593,0.0295023
-0.608679,0.182748,0.0146036,-1.14432,-0.23284,0.0279756
-0.61117,0.190973,0.0138345,-1.14064,-0.231648,0.0265022
-0.613081,0.198578,0.0130928,-1.1374,-0.229742,0.0250815
-0.614317,0.204918,0.0123784,-1.13468,-0.227659,0.0237129
-0.615158,0.210238,0.0116908,-1.1323,-0.225734,0.0223956
-0.616051,0.215317,0.0110295,-1.12986,-0.224096,0.0211289
-0.6174,0.220935,0.0103943,-1.127,-0.222767,0.019912
-0.619421,0.227451,0.00978465,-1.1235,-0.221681,0.0187441
-0.636912,0.242859,0.00920013,-1.11103,-0.234381,0.0176243
-0.650421,0.253526,0.00864026,-1.1015,-0.242893,0.0165518
-0.659687,0.260158,0.00810457,-1.09537,-0.247932,0.0155256
-0.665556,0.263914,0.00759256,-1.092,-0.250645,0.0145448
-0.668115,0.265395,0.00710371,-1.09133,-0.251103,0.0136083
-0.667115,0.265104,0.00663751,-1.0935,-0.248684,0.0127152
-0.665861,0.264944,0.00619342,-1.09574,-0.245854,0.0118645
-0.0557886,-0.116163,0.302213,-0.965964,0.0548021,0.667368
-0.0557899,-0.116163,0.302214,-0.965965,0.0548019,0.667369
-0.0557994,-0.11616,0.302228,-0.965971,0.0548012,0.667383
-0.0558247,-0.116152,0.302318,-0.965988,0.0547998,0.667473
-0.0558738,-0.116137,0.30262,-0.96602,0.0547955,0.667774
-0.0559547,-0.11611,0.303349,-0.966073,0.0547867,0.668503
-0.0560753,-0.116066,0.304789,-0.96615,0.0547712,0.669944
-0.0562432,-0.116,0.307269,-0.966255,0.0547468,0.672423
-0.0564652,-0.115909,0.311122,-0.966391,0.054713,0.676277
-0.056747,-0.115791,0.316652,-0.966563,0.0546696,0.681807
-0.0570952,-0.11564,0.324083,-0.966771,0.0546122,0.689238
-0.057516,-0.11545,0.333525,-0.967018,0.0545415,0.698679
-0.0580236,-0.115206,0.344933,-0.96731,0.0544517,0.710088
-0.058631,-0.114904,0.358088,-0.967655,0.0543434,0.723242
-0.0593515,-0.114542,0.372578,-0.968064,0.0542155,0.737733
-0.0601973,-0.114119,0.38781,-0.968547,0.0540677,0.752965
-0.0611791,-0.113639,0.403033,-0.969114,0.0538998,0.768188
-0.0623069,-0.113105,0.417392,-0.969777,0.0537096,0.782547
-0.0637741,-0.112307,0.430009,-0.970391,0.0530934,0.795163
-0.0654634,-0.111413,0.440097,-0.971023,0.0523817,0.805251
-0.0673911,-0.11042,0.447112,-0.971646,0.0515449,0.812266
-0.0695758,-0.109335,0.450945,-0.972225,0.050552,0.8161
-0.0721203,-0.108073,0.45216,-0.972674,0.0493766,0.817314
-0.0750966,-0.106621,0.452213,-0.972886,0.0480243,0.817368
-0.0781686,-0.105132,0.452206,-0.973278,0.0468172,0.817354
-0.0815151,-0.103527,0.452177,-0.973597,0.0455403,0.817303
-0.0851212,-0.101852,0.452116,-0.97392,0.0441858,0.817192
-0.0890038,-0.100106,0.45201,-0.97425,0.0427395,0.817
-0.0931965,-0.0982754,0.451848,-0.974568,0.0411934,0.816707
-0.0977421,-0.0963495,0.45162,-0.974847,0.0395468,0.816295
-0.102686,-0.0943199,0.451316,-0.975058,0.0378042,0.815747
-0.108072,-0.0921871,0.450929,-0.975171,0.0359743,0.815046
-0.113942,-0.0899603,0.450449,-0.975161,0.0340682,0.814179
-0.119626,-0.088034,0.44987,-0.975223,0.03172,0.813133
-0.12528,-0.0862453,0.449186,-0.975394,0.0290383,0.811896
-0.131249,-0.0843799,0.44839,-0.975595,0.026221,0.810456
-0.137768,-0.0822912,0.447476,-0.975827,0.0234217,0.808805
-0.144882,-0.0799391,0.446441,-0.976148,0.0206894,0.806934
-0.152514,-0.0773555,0.44528,-0.976629,0.0179901,0.804835
-0.160571,-0.074582,0.443989,-0.977311,0.0152707,0.802502
-0.168793,-0.071819,0.442565,-0.979103,0.0122091,0.799929
-0.177307,-0.0688715,0.441007,-0.981171,0.0090881,0.797112
-0.186101,-0.0657062,0.43931,-0.983566,0.00594147,0.794046
-0.195164,-0.0622971,0.437475,-0.986336,0.00280054,0.790729
-0.20453,-0.0586368,0.4355,-0.989457,-0.000310677,0.787159
-0.214402,-0.056034,0.433384,-0.99195,-0.00464472,0.783334
-0.223854,-0.0534887,0.431126,-0.995276,-0.00929867,0.779253
-0.232735,-0.051068,0.428727,-0.999457,-0.0142618,0.774917
-0.241507,-0.048867,0.426187,-1.00373,-0.0195408,0.770327
-0.250573,-0.0467362,0.423507,-1.00776,-0.0250103,0.765482
-0.259823,-0.0446589,0.420688,-1.01166,-0.0306701,0.760386
-0.265822,-0.0422435,0.417731,-1.02143,-0.0347716,0.755041
-0.273054,-0.040157,0.414638,-1.02992,-0.0389551,0.74945
-0.28303,-0.0378833,0.41141,-1.03507,-0.0442986,0.743617
-0.294301,-0.0355721,0.40805,-1.03882,-0.0504537,0.737544
-0.3059,-0.0334519,0.404561,-1.04245,-0.0570518,0.731237
-0.317217,-0.0316756,0.400945,-1.04679,-0.0638486,0.724701
-0.327844,-0.0303505,0.397205,-1.05238,-0.0706401,0.717941
-0.337944,-0.0294868,0.393343,-1.05892,-0.0774812,0.710962
-0.350955,-0.0281902,0.389365,-1.06101,-0.0863144,0.70377
-0.366262,-0.0266066,0.385271,-1.06009,-0.0963936,0.696371
-0.381815,-0.0252126,0.381068,-1.05963,-0.106385,0.688773
-0.395365,-0.024202,0.376757,-1.0632,-0.115377,0.680982
-0.406962,-0.0234994,0.372343,-1.07081,-0.123399,0.673004
-0.417899,-0.0230021,0.367831,-1.08059,-0.130798,0.664848
-0.430062,-0.0223812,0.363223,-1.09008,-0.138319,0.65652
-0.439031,-0.0228692,0.358525,-1.1072,-0.142841,0.648028
-0.448949,-0.0208236,0.353741,-1.12247,-0.144819,0.639381
-0.456835,-0.0201628,0.348875,-1.13848,-0.145787,0.630585
-0.469433,-0.019078,0.343931,-1.14606,-0.152925,0.62165
-0.479722,-0.0190115,0.338915,-1.15551,-0.15861,0.612582
-0.488272,-0.0199012,0.33383,-1.16651,-0.162925,0.603391
-0.495806,-0.0215621,0.328681,-1.17854,-0.166032,0.594085
-0.502958,-0.0237412,0.323473,-1.19107,-0.168163,0.584672
-0.510159,-0.0261904,0.318211,-1.20374,-0.169542,0.57516
-0.517641,-0.0287148,0.312899,-1.21635,-0.170325,0.565559
-0.525496,-0.031189,0.307541,-1.22883,-0.17059,0.555875
-0.533738,-0.0335444,0.302143,-1.2412,-0.170351,0.546119
-0.542349,-0.0357347,0.29671,-1.25349,-0.169594,0.536298
-0.551313,-0.0377081,0.291245,-1.26569,-0.168314,0.52642
-0.560617,-0.039401,0.285753,-1.2778,-0.166513,0.516494
-0.570251,-0.040736,0.280239,-1.28981,-0.164208,0.506528
-0.580199,-0.0416353,0.274708,-1.3017,-0.161407,0.49653
-0.590535,-0.0419281,0.269164,-1.31347,-0.158191,0.486509
-0.56699,-0.0673208,0.263611,-1.30532,-0.14838,0.476472
-0.547295,-0.0936863,0.258053,-1.29599,-0.138991,0.466427
-0.531049,-0.12136,0.252496,-1.28585,-0.129718,0.456382
-0.518109,-0.149882,0.246943,-1.27492,-0.120899,0.446345
-0.508238,-0.178211,0.241398,-1.26326,-0.113439,0.436323
-0.500958,-0.205418,0.235866,-1.25125,-0.108156,0.426323
-0.495624,-0.231294,0.23035,-1.23926,-0.105393,0.416354
-0.49185,-0.251922,0.224855,-1.22966,-0.109909,0.406421
-0.490583,-0.262477,0.219383,-1.22246,-0.106253,0.396532
-0.490528,-0.272962,0.21394,-1.21449,-0.0970175,0.386693
-0.494042,-0.275909,0.208528,-1.21217,-0.0893161,0.376911
-0.497362,-0.277393,0.203152,-1.21032,-0.0827334,0.367193
-0.472009,-0.242768,0.197814,-1.19715,-0.102792,0.357545
-0.450917,-0.211409,0.192518,-1.18116,-0.119546,0.347972
-0.432964,-0.185577,0.187267,-1.16349,-0.130134,0.338481
-0.417444,-0.160726,0.182064,-1.14589,-0.140482,0.329077
-0.404299,-0.136496,0.176912,-1.12855,-0.151171,0.319766
-0.39341,-0.113166,0.171815,-1.11155,-0.161917,0.310552
-0.384569,-0.0911914,0.166774,-1.09513,-0.171972,0.301441
-0.373555,-0.083163,0.161793,-1.08212,-0.166234,0.292438
-0.36269,-0.077168,0.156874,-1.06959,-0.161108,0.283547
-0.349473,-0.0791963,0.152019,-1.057,-0.152459,0.274772
-0.33678,-0.0836745,0.147231,-1.04498,-0.144149,0.266118
-0.325173,-0.0885885,0.142512,-1.03357,-0.137138,0.257589
-0.314873,-0.0924813,0.137865,-1.02284,-0.132042,0.249188
-0.305809,-0.0949804,0.13329,-1.0129,-0.128815,0.240919
-0.297621,-0.096814,0.12879,-1.00362,-0.126873,0.232785
-0.300254,-0.0905963,0.124366,-1.0035,-0.135684,0.22479
-0.302088,-0.0853475,0.120021,-1.00222,-0.145998,0.216935
-0.303548,-0.0759923,0.115755,-0.998671,-0.161671,0.209224
-0.304843,-0.0647654,0.111569,-0.99325,-0.179014,0.20166
-0.30639,-0.0530573,0.107466,-0.98674,-0.19621,0.194244
-0.308576,-0.041692,0.103446,-0.980061,-0.212195,0.186978
-0.311474,-0.0311153,0.0995108,-0.973724,-0.226715,0.179864
-0.314941,-0.0214944,0.0956601,-0.967929,-0.239726,0.172904
-0.318703,-0.0129749,0.0918953,-0.962779,-0.25112,0.166099
-0.322419,-0.00576669,0.0882169,-0.958383,-0.260739,0.15945
-0.325818,-9.32558e-06,0.0846254,-0.954882,-0.268451,0.152959
-0.32879,0.00434077,0.0811214,-0.952404,-0.27424,0.146626
-0.331416,0.00755577,0.0777051,-0.950982,-0.278257,0.140451
-0.333871,0.00998584,0.0743768,-0.950593,-0.280717,0.134435
-0.336717,0.012182,0.0711365,-0.950826,-0.282941,0.128578
-0.340278,0.0147544,0.0679842,-0.950943,-0.286245,0.12288
-0.344365,0.0177071,0.0649198,-0.950816,-0.290434,0.117341
-0.348803,0.020922,0.0619432,-0.950537,-0.295071,0.111961
-0.353538,0.0243623,0.0590541,-0.950246,-0.299805,0.106739
-0.358643,0.0280838,0.056252,-0.950086,-0.304433,0.101675
-0.364267,0.0321924,0.0535366,-0.950167,-0.308884,0.0967664
-0.370576,0.0367875,0.0509071,-0.950554,-0.313175,0.0920138
-0.377704,0.0419242,0.0483631,-0.951279,-0.317359,0.0874155
-0.385329,0.0470158,0.0459038,-0.953127,-0.320394,0.0829703
-0.393095,0.0516337,0.0435283,-0.955047,-0.323763,0.0786766
-0.400803,0.055665,0.0412357,-0.958663,-0.325128,0.0745329
-0.408142,0.0588952,0.0390252,-0.963985,-0.324416,0.0705374
-0.414898,0.0612133,0.0368957,-0.970899,-0.321668,0.0666884
-0.421232,0.0629062,0.0348461,-0.978826,-0.317575,0.0629837
-0.427234,0.0641388,0.0328752,-0.987279,-0.312706,0.0594214
-0.432682,0.0646738,0.0309818,-0.996254,-0.306939,0.0559991
-0.437411,0.0643324,0.0291647,-1.00573,-0.300147,0.0527146
-0.441386,0.0630678,0.0274224,-1.01557,-0.292362,0.0495655
-0.444647,0.0609022,0.0257536,-1.02561,-0.283703,0.0465492
-0.447288,0.0579119,0.0241569,-1.03562,-0.274364,0.0436632
-0.449728,0.0546254,0.0226308,-1.04509,-0.265275,0.0409047
-0.451996,0.0510957,0.0211737,-1.05399,-0.256503,0.0382711
-0.454103,0.0473591,0.0197841,-1.06232,-0.248067,0.0357594
-0.456058,0.0434487,0.0184604,-1.07009,-0.239976,0.0333669
-0.662146,0.398449,-0.160931,-1.32833,-0.166642,-0.162618
