-0.304644,0.163682,-0.865015,-0.17393,0.00666667
-0.304439,0.163685,-0.86481,-0.173927,0.0133333
-0.303812,0.162911,-0.86502,-0.173308,0.02
-0.30317,0.161989,-0.865418,-0.172488,0.0266667
-0.302541,0.161045,-0.865876,-0.171598,0.0333333
-0.301933,0.160139,-0.866323,-0.17071,0.04
-0.301322,0.159269,-0.866731,-0.169835,0.0466667
-0.300644,0.158371,-0.867099,-0.168929,0.0533333
-0.299789,0.157328,-0.867444,-0.167887,0.06
-0.298607,0.15597,-0.867795,-0.166554,0.0666667
-0.296913,0.154089,-0.868183,-0.164733,0.0733333
-0.294758,0.151802,-0.868636,-0.162301,0.08
-0.292716,0.149754,-0.868908,-0.160082,0.0866667
-0.290902,0.14812,-0.868953,-0.158234,0.0933333
-0.289215,0.146922,-0.868665,-0.156778,0.1
-0.287639,0.146089,-0.868083,-0.155704,0.106667
-0.286159,0.145474,-0.867342,-0.154895,0.113333
-0.284776,0.14491,-0.866602,-0.154212,0.12
-0.283532,0.14428,-0.866015,-0.153559,0.126667
-0.282516,0.143538,-0.865707,-0.152911,0.133333
-0.281851,0.142703,-0.865773,-0.152305,0.14
-0.281668,0.14183,-0.866274,-0.151818,0.146667
-0.282069,0.140985,-0.867245,-0.151526,0.153333
-0.283096,0.140206,-0.868685,-0.151476,0.16
-0.284709,0.13949,-0.870562,-0.151661,0.166667
-0.286791,0.138796,-0.872804,-0.152031,0.173333
-0.289193,0.138071,-0.875324,-0.152517,0.18
-0.291763,0.137274,-0.878021,-0.153059,0.186667
-0.294373,0.136389,-0.880792,-0.153616,0.193333
-0.296921,0.135417,-0.883544,-0.154174,0.2
-0.299339,0.134376,-0.8862,-0.154731,0.206667
-0.301582,0.133289,-0.888701,-0.155294,0.213333
-0.303627,0.132172,-0.891013,-0.155865,0.22
-0.305463,0.131037,-0.893122,-0.156444,0.226667
-0.307093,0.129884,-0.895033,-0.157019,0.233333
-0.308525,0.128708,-0.896765,-0.157579,0.24
-0.309775,0.127505,-0.898341,-0.15811,0.246667
-0.310864,0.126271,-0.899791,-0.1586,0.253333
-0.311819,0.125007,-0.90114,-0.159045,0.26
-0.312664,0.123717,-0.902415,-0.159441,0.266667
-0.313425,0.122407,-0.903636,-0.15979,0.273333
-0.314125,0.121084,-0.904823,-0.160091,0.28
-0.314785,0.119755,-0.905992,-0.160347,0.286667
-0.315419,0.118424,-0.907154,-0.160558,0.293333
-0.316041,0.117099,-0.90832,-0.160727,0.3
-0.316661,0.115785,-0.909494,-0.160854,0.306667
-0.317286,0.114487,-0.910681,-0.160943,0.313333
-0.317921,0.113213,-0.911881,-0.160996,0.32
-0.318571,0.111968,-0.913095,-0.161015,0.326667
-0.319238,0.110758,-0.914321,-0.161004,0.333333
-0.319924,0.109589,-0.915556,-0.160963,0.34
-0.320628,0.108466,-0.916799,-0.160895,0.346667
-0.321351,0.107394,-0.918048,-0.160799,0.353333
-0.322883,0.107473,-0.91911,-0.16176,0.36
-0.323939,0.106671,-0.920511,-0.161794,0.366667
-0.324555,0.105183,-0.922093,-0.161127,0.373333
-0.324979,0.103523,-0.923636,-0.160256,0.38
-0.325415,0.102113,-0.925003,-0.159543,0.386667
-0.325935,0.101098,-0.926175,-0.159055,0.393333
-0.326498,0.10039,-0.927215,-0.158656,0.4
-0.327037,0.0998269,-0.928205,-0.158168,0.406667
-0.32752,0.099301,-0.929194,-0.157509,0.413333
-0.327967,0.0988039,-0.930193,-0.156705,0.42
-0.328422,0.0983879,-0.931186,-0.155845,0.426667
-0.328924,0.0981074,-0.932157,-0.155007,0.433333
-0.329489,0.0979828,-0.933098,-0.15423,0.44
-0.330112,0.097999,-0.934011,-0.153514,0.446667
-0.330779,0.0981261,-0.934903,-0.152842,0.453333
-0.331478,0.0983406,-0.935777,-0.152203,0.46
-0.332203,0.0986335,-0.936629,-0.151599,0.466667
-0.332953,0.0990071,-0.937455,-0.151039,0.473333
-0.333727,0.0994655,-0.938247,-0.150532,0.48
-0.334522,0.100008,-0.939001,-0.150084,0.486667
-0.335333,0.100629,-0.939715,-0.149693,0.493333
-0.336154,0.101317,-0.940388,-0.149356,0.5
-0.336978,0.102061,-0.941019,-0.149072,0.506667
-0.337801,0.102854,-0.941608,-0.148838,0.513333
-0.338619,0.103687,-0.942152,-0.148655,0.52
-0.339427,0.104555,-0.942651,-0.148521,0.526667
-0.340223,0.105452,-0.943104,-0.148435,0.533333
-0.341002,0.106372,-0.94351,-0.148396,0.54
-0.341761,0.107307,-0.943869,-0.1484,0.546667
-0.342435,0.108192,-0.944154,-0.148425,0.553333
-0.343004,0.109,-0.94436,-0.148461,0.56
-0.343458,0.109721,-0.944484,-0.148509,0.566667
-0.343806,0.110377,-0.944521,-0.148569,0.573333
-0.344045,0.11097,-0.944471,-0.148644,0.58
-0.344178,0.111506,-0.944333,-0.14873,0.586667
-0.344206,0.111991,-0.944108,-0.148822,0.593333
-0.344134,0.11244,-0.943798,-0.148918,0.6
-0.343968,0.112863,-0.943404,-0.149013,0.606667
-0.343715,0.11327,-0.942929,-0.149109,0.613333
-0.343381,0.11367,-0.942376,-0.149206,0.62
-0.342976,0.114065,-0.941752,-0.149305,0.626667
-0.342507,0.114459,-0.941062,-0.14941,0.633333
-0.341984,0.114856,-0.940312,-0.149524,0.64
-0.341415,0.115258,-0.939508,-0.149648,0.646667
-0.34081,0.115671,-0.938658,-0.149785,0.653333
-0.340178,0.116099,-0.937767,-0.149935,0.66
-0.339526,0.116544,-0.936842,-0.150098,0.666667
-0.338862,0.117009,-0.93589,-0.150275,0.673333
-0.338194,0.117495,-0.934917,-0.150464,0.68
-0.337527,0.118004,-0.93393,-0.150663,0.686667
-0.336867,0.118536,-0.932935,-0.150872,0.693333
-0.336218,0.119089,-0.931936,-0.151087,0.7
-0.335583,0.119663,-0.930939,-0.151307,0.706667
-0.334966,0.120256,-0.929949,-0.15153,0.713333
-0.334369,0.120865,-0.928969,-0.151754,0.72
-0.333792,0.121488,-0.928002,-0.151975,0.726667
-0.333237,0.122121,-0.927054,-0.152193,0.733333
-0.332704,0.122762,-0.926124,-0.152405,0.74
-0.332193,0.123408,-0.925217,-0.152608,0.746667
-0.331703,0.124055,-0.924334,-0.152802,0.753333
-0.331234,0.124701,-0.923476,-0.152984,0.76
-0.330785,0.125345,-0.922644,-0.153154,0.766667
-0.330356,0.125982,-0.921839,-0.153309,0.773333
-0.329945,0.126612,-0.921063,-0.153449,0.78
-0.329551,0.127233,-0.920314,-0.153573,0.786667
-0.329174,0.127843,-0.919594,-0.153681,0.793333
-0.328813,0.128441,-0.918902,-0.153773,0.8
-0.328466,0.129026,-0.918239,-0.153847,0.806667
-0.328133,0.129597,-0.917603,-0.153904,0.813333
-0.327814,0.130154,-0.916995,-0.153944,0.82
-0.327507,0.130696,-0.916414,-0.153967,0.826667
-0.327213,0.131223,-0.915861,-0.153974,0.833333
-0.326929,0.131734,-0.915333,-0.153964,0.84
-0.326657,0.132229,-0.914831,-0.153938,0.846667
-0.326396,0.13271,-0.914355,-0.153896,0.853333
-0.326145,0.133174,-0.913904,-0.15384,0.86
-0.325904,0.133624,-0.913476,-0.153769,0.866667
-0.325672,0.134059,-0.913073,-0.153684,0.873333
-0.32545,0.134478,-0.912692,-0.153585,0.88
-0.325238,0.134884,-0.912335,-0.153473,0.886667
-0.325035,0.135275,-0.911999,-0.153349,0.893333
-0.324842,0.135653,-0.911686,-0.153213,0.9
-0.324657,0.136017,-0.911393,-0.153066,0.906667
-0.324483,0.136369,-0.911122,-0.152908,0.913333
-0.324317,0.136709,-0.910871,-0.152739,0.92
-0.324161,0.137037,-0.91064,-0.152561,0.926667
-0.324015,0.137353,-0.910429,-0.152373,0.933333
-0.323879,0.13766,-0.910238,-0.152176,0.94
-0.323753,0.137956,-0.910065,-0.151972,0.946667
-0.323638,0.138244,-0.909912,-0.151759,0.953333
-0.323533,0.138523,-0.909777,-0.151539,0.96
-0.32344,0.138794,-0.90966,-0.151313,0.966667
-0.32336,0.13906,-0.909563,-0.15108,0.973333
-0.323292,0.139319,-0.909483,-0.150842,0.98
-0.323238,0.139574,-0.909422,-0.1506,0.986667
-0.3232,0.139826,-0.909379,-0.150353,0.993333
-0.372822,-0.189358,-0.898642,0.199644,0
-0.372804,-0.188673,-0.898624,0.200327,0.00666667
-0.373592,-0.18717,-0.898743,0.202731,0.0133333
-0.375065,-0.185633,-0.899084,0.205786,0.02
-0.376572,-0.183575,-0.899955,0.208692,0.0266667
-0.37773,-0.180774,-0.901533,0.21093,0.0333333
-0.378937,-0.175814,-0.906121,0.211326,0.04
-0.37955,-0.171051,-0.910334,0.211135,0.0466667
-0.379903,-0.166755,-0.914119,0.210618,0.0533333
-0.380262,-0.163219,-0.917336,0.210075,0.06
-0.380744,-0.160588,-0.919916,0.20967,0.0666667
-0.38133,-0.158824,-0.921881,0.209417,0.0733333
-0.381931,-0.157773,-0.923303,0.209262,0.08
-0.382469,-0.157266,-0.924246,0.209171,0.0866667
-0.382908,-0.157181,-0.924738,0.20918,0.0933333
-0.383299,-0.157349,-0.924936,0.209298,0.1
-0.383723,-0.157584,-0.925069,0.209494,0.106667
-0.384215,-0.157842,-0.925182,0.209793,0.113333
-0.384787,-0.158077,-0.925329,0.210185,0.12
-0.385436,-0.158244,-0.925557,0.210635,0.126667
-0.386141,-0.158304,-0.9259,0.211105,0.133333
-0.386863,-0.158229,-0.926365,0.211556,0.14
-0.387548,-0.158008,-0.926925,0.211959,0.146667
-0.388128,-0.157647,-0.927521,0.212298,0.153333
-0.388527,-0.157166,-0.928067,0.212564,0.16
-0.388678,-0.156601,-0.928466,0.212768,0.166667
-0.388533,-0.155984,-0.92863,0.212932,0.173333
-0.388055,-0.15533,-0.928497,0.21308,0.18
-0.38722,-0.154632,-0.928037,0.213228,0.186667
-0.386021,-0.153865,-0.927251,0.213387,0.193333
-0.384468,-0.153001,-0.926162,0.213567,0.2
-0.38259,-0.152019,-0.924806,0.213775,0.206667
-0.380431,-0.150909,-0.923229,0.214022,0.213333
-0.378046,-0.149672,-0.921475,0.214319,0.22
-0.375496,-0.148321,-0.919588,0.214678,0.226667
-0.372839,-0.146872,-0.91761,0.215107,0.233333
-0.37013,-0.145339,-0.915582,0.215615,0.24
-0.367417,-0.143735,-0.913537,0.216208,0.246667
-0.364739,-0.142071,-0.911507,0.216886,0.253333
-0.362127,-0.140352,-0.90952,0.217651,0.26
-0.359603,-0.138585,-0.907597,0.2185,0.266667
-0.357185,-0.136774,-0.905754,0.219427,0.273333
-0.354883,-0.134922,-0.904004,0.220428,0.28
-0.352702,-0.133034,-0.902354,0.221495,0.286667
-0.350644,-0.131114,-0.900807,0.222621,0.293333
-0.348705,-0.129166,-0.899364,0.223797,0.3
-0.346881,-0.127194,-0.898024,0.225014,0.306667
-0.345162,-0.1252,-0.896782,0.226263,0.313333
-0.343541,-0.123187,-0.895634,0.227533,0.32
-0.342007,-0.121159,-0.894572,0.228816,0.326667
-0.340549,-0.11912,-0.893591,0.230102,0.333333
-0.339156,-0.117072,-0.892681,0.231385,0.34
-0.337818,-0.11502,-0.891836,0.232655,0.346667
-0.336525,-0.112966,-0.891046,0.233907,0.353333
-0.335269,-0.110915,-0.890306,0.235134,0.36
-0.334041,-0.108872,-0.889606,0.23633,0.366667
-0.332835,-0.106839,-0.88894,0.237492,0.373333
-0.331643,-0.104821,-0.888302,0.238616,0.38
-0.330462,-0.102823,-0.887685,0.239699,0.386667
-0.329287,-0.100848,-0.887085,0.240738,0.393333
-0.328114,-0.0989011,-0.886496,0.241732,0.4
-0.326942,-0.0969853,-0.885915,0.24268,0.406667
-0.325769,-0.0951047,-0.885337,0.243581,0.413333
-0.324594,-0.093263,-0.884759,0.244436,0.42
-0.323418,-0.0914633,-0.88418,0.245245,0.426667
-0.32224,-0.0897091,-0.883597,0.246009,0.433333
-0.321062,-0.0880031,-0.883009,0.246729,0.44
-0.319884,-0.0863477,-0.882414,0.247406,0.446667
-0.318708,-0.0847451,-0.881811,0.248043,0.453333
-0.317536,-0.0831973,-0.8812,0.248642,0.46
-0.316369,-0.0817062,-0.880582,0.249203,0.466667
-0.315211,-0.0802731,-0.879955,0.249731,0.473333
-0.314063,-0.0788992,-0.879321,0.250225,0.48
-0.312927,-0.0775855,-0.878681,0.25069,0.486667
-0.311806,-0.0763325,-0.878035,0.251126,0.493333
-0.310702,-0.0751405,-0.877384,0.251537,0.5
-0.309618,-0.0740098,-0.876729,0.251925,0.506667
-0.308555,-0.0729401,-0.876072,0.252291,0.513333
-0.307516,-0.071931,-0.875413,0.252638,0.52
-0.306503,-0.0709819,-0.874755,0.252968,0.526667
-0.305518,-0.070092,-0.874099,0.253283,0.533333
-0.304562,-0.0692602,-0.873446,0.253586,0.54
-0.303638,-0.0684855,-0.872798,0.253877,0.546667
-0.302746,-0.0677663,-0.872156,0.254159,0.553333
-0.30189,-0.0671012,-0.871522,0.254433,0.56
-0.301069,-0.0664886,-0.870897,0.254702,0.566667
-0.300286,-0.0659265,-0.870283,0.254967,0.573333
-0.299542,-0.065413,-0.869682,0.25523,0.58
-0.298838,-0.0649461,-0.869094,0.255492,0.586667
-0.298174,-0.0645237,-0.868522,0.255755,0.593333
-0.297552,-0.0641435,-0.867967,0.256021,0.6
-0.296973,-0.0638033,-0.867429,0.25629,0.606667
-0.296438,-0.0635007,-0.866911,0.256565,0.613333
-0.295946,-0.0632335,-0.866414,0.256847,0.62
-0.2955,-0.0629992,-0.865938,0.257136,0.626667
-0.295098,-0.0627955,-0.865484,0.257436,0.633333
-0.294743,-0.06262,-0.865054,0.257747,0.64
-0.294433,-0.0624704,-0.864648,0.258071,0.646667
-0.294168,-0.0623443,-0.864266,0.258408,0.653333
-0.29395,-0.0622395,-0.86391,0.258761,0.66
-0.293778,-0.0621538,-0.863579,0.259131,0.666667
-0.293651,-0.0620848,-0.863274,0.259518,0.673333
-0.293569,-0.0620307,-0.862995,0.259924,0.68
-0.293533,-0.0619892,-0.862742,0.260351,0.686667
-0.29354,-0.0619585,-0.862515,0.260797,0.693333
-0.29359,-0.0619367,-0.862313,0.261266,0.7
-0.293683,-0.0619222,-0.862137,0.261756,0.706667
-0.293818,-0.0619133,-0.861986,0.262269,0.713333
-0.293993,-0.0619084,-0.86186,0.262804,0.72
-0.294208,-0.0619061,-0.861758,0.263361,0.726667
-0.294461,-0.061905,-0.861681,0.26394,0.733333
-0.294751,-0.0619038,-0.861627,0.264541,0.74
-0.295076,-0.0619013,-0.861596,0.265162,0.746667
-0.295435,-0.0618965,-0.861588,0.265803,0.753333
-0.295826,-0.0618881,-0.861603,0.266463,0.76
-0.296248,-0.0618754,-0.86164,0.267139,0.766667
-0.296699,-0.0618573,-0.8617,0.267831,0.773333
-0.297178,-0.0618332,-0.861781,0.268536,0.78
-0.297682,-0.0618022,-0.861884,0.269254,0.786667
-0.298211,-0.0617638,-0.862009,0.269981,0.793333
-0.298762,-0.0617173,-0.862156,0.270715,0.8
-0.299333,-0.0616622,-0.862323,0.271455,0.806667
-0.299924,-0.0615981,-0.862513,0.272198,0.813333
-0.300532,-0.0615248,-0.862723,0.272941,0.82
-0.301156,-0.0614418,-0.862955,0.273683,0.826667
-0.301794,-0.061349,-0.863209,0.274421,0.833333
-0.302445,-0.0612463,-0.863483,0.275153,0.84
-0.303107,-0.0611337,-0.863779,0.275877,0.846667
-0.303779,-0.0610112,-0.864096,0.276591,0.853333
-0.304459,-0.0608792,-0.864434,0.277292,0.86
-0.302941,-0.0573557,-0.868703,0.271046,0.866667
-0.301757,-0.0545131,-0.872443,0.265259,0.873333
-0.300883,-0.0524622,-0.875713,0.259808,0.88
-0.300218,-0.0510255,-0.878608,0.254605,0.886667
-0.299746,-0.0500684,-0.881159,0.249778,0.893333
-0.299418,-0.0494884,-0.883389,0.245353,0.9
-0.299198,-0.0492626,-0.885304,0.241319,0.906667
-0.299072,-0.0494325,-0.88689,0.237679,0.913333
-0.299037,-0.0500443,-0.888136,0.234436,0.92
-0.299078,-0.0510988,-0.88905,0.231574,0.926667
-0.299177,-0.0525576,-0.889669,0.229035,0.933333
-0.299308,-0.0543465,-0.890029,0.226771,0.94
-0.299438,-0.0563747,-0.890165,0.224736,0.946667
-0.299667,-0.0587068,-0.890181,0.222855,0.953333
-0.29987,-0.0611719,-0.890021,0.221158,0.96
-0.300053,-0.063747,-0.889702,0.219633,0.966667
-0.300215,-0.0664106,-0.889241,0.218266,0.973333
-0.300358,-0.069141,-0.888655,0.217042,0.98
-0.300481,-0.0719163,-0.88796,0.215945,0.986667
-0.300583,-0.0747159,-0.887171,0.214959,0.993333
-0.335326,0.321973,-0.822515,-0.114657,0
-0.332071,0.315039,-0.823192,-0.117164,0.00666667
-0.325723,0.305686,-0.823211,-0.119174,0.0133333
-0.319235,0.29704,-0.821466,-0.122203,0.02
-0.313076,0.289279,-0.818586,-0.126004,0.0266667
-0.307344,0.282229,-0.815192,-0.130191,0.0333333
-0.301948,0.275577,-0.811799,-0.134366,0.04
-0.296737,0.269024,-0.808753,-0.138211,0.0466667
-0.291575,0.262375,-0.806229,-0.141522,0.0533333
-0.286384,0.255579,-0.804232,-0.144214,0.06
-0.281127,0.248673,-0.80268,-0.146275,0.0666667
-0.275758,0.241674,-0.801489,-0.147695,0.0733333
-0.270226,0.234586,-0.800599,-0.148436,0.08
-0.265864,0.229813,-0.798943,-0.149435,0.0866667
-0.261596,0.225412,-0.797494,-0.149841,0.0933333
-0.255834,0.218929,-0.797189,-0.148407,0.1
-0.250357,0.212571,-0.797117,-0.146672,0.106667
-0.245128,0.205909,-0.797458,-0.144709,0.113333
-0.240081,0.198738,-0.798259,-0.142493,0.12
-0.235195,0.191059,-0.799422,-0.140074,0.126667
-0.230698,0.183113,-0.800929,-0.137571,0.133333
-0.22679,0.175143,-0.802767,-0.135101,0.14
-0.223622,0.16736,-0.804933,-0.132771,0.146667
-0.221282,0.159925,-0.807421,-0.130664,0.153333
-0.219783,0.152934,-0.810216,-0.128829,0.16
-0.219057,0.146417,-0.813279,-0.127266,0.166667
-0.218973,0.140347,-0.816548,-0.125936,0.173333
-0.219377,0.134669,-0.819947,-0.124787,0.18
-0.220119,0.129324,-0.823397,-0.123772,0.186667
-0.221069,0.124256,-0.826821,-0.122861,0.193333
-0.222122,0.119417,-0.830155,-0.122033,0.2
-0.223199,0.114767,-0.833351,-0.121277,0.206667
-0.224245,0.110267,-0.836381,-0.120583,0.213333
-0.225222,0.10588,-0.839232,-0.119937,0.22
-0.22611,0.101577,-0.841906,-0.119323,0.226667
-0.226902,0.0973302,-0.844415,-0.118724,0.233333
-0.227602,0.0931212,-0.846776,-0.118126,0.24
-0.228221,0.0889383,-0.849009,-0.11752,0.246667
-0.228778,0.0847766,-0.851134,-0.116901,0.253333
-0.22929,0.0806356,-0.853174,-0.116268,0.26
-0.229778,0.076518,-0.855145,-0.115623,0.266667
-0.230261,0.0724272,-0.857067,-0.114967,0.273333
-0.230755,0.0683669,-0.858954,-0.114304,0.28
-0.231275,0.0643403,-0.86082,-0.113634,0.286667
-0.231832,0.0603499,-0.862677,-0.112958,0.293333
-0.232531,0.0615044,-0.862738,-0.114108,0.3
-0.233051,0.0614246,-0.863166,-0.114524,0.306667
-0.233458,0.0606866,-0.863815,-0.11439,0.313333
-0.233913,0.0599059,-0.864542,-0.114188,0.32
-0.234541,0.059427,-0.865259,-0.114343,0.326667
-0.235375,0.0592589,-0.86595,-0.115029,0.333333
-0.236368,0.0591833,-0.866654,-0.116147,0.34
-0.237437,0.0589276,-0.867436,-0.117435,0.346667
-0.238508,0.0583045,-0.868348,-0.118624,0.353333
-0.239541,0.0572648,-0.869412,-0.119553,0.36
-0.240537,0.0558701,-0.870617,-0.120201,0.366667
-0.241517,0.0542288,-0.871931,-0.120642,0.373333
-0.242508,0.0524405,-0.873323,-0.12098,0.38
-0.243528,0.050574,-0.874769,-0.121289,0.386667
-0.244583,0.0486715,-0.876254,-0.121603,0.393333
-0.245674,0.0467643,-0.877771,-0.121921,0.4
-0.246798,0.0448837,-0.879311,-0.122237,0.406667
-0.247954,0.0430614,-0.880865,-0.122547,0.413333
-0.249143,0.0413245,-0.882424,-0.122862,0.42
-0.250365,0.0396907,-0.883981,-0.123197,0.426667
-0.251618,0.0381683,-0.88553,-0.123566,0.433333
-0.252902,0.0367583,-0.887068,-0.123976,0.44
-0.254213,0.0354591,-0.888593,-0.12443,0.446667
-0.255549,0.0342688,-0.890103,-0.124927,0.453333
-0.256905,0.0331858,-0.891596,-0.125462,0.46
-0.25828,0.032207,-0.893072,-0.126036,0.466667
-0.25967,0.0313288,-0.894529,-0.126645,0.473333
-0.261073,0.0305491,-0.895965,-0.127292,0.48
-0.262491,0.0298649,-0.897382,-0.127977,0.486667
-0.26392,0.0292731,-0.89878,-0.128699,0.493333
-0.265362,0.0287704,-0.900157,-0.129458,0.5
-0.266816,0.0283539,-0.901517,-0.130252,0.506667
-0.268281,0.02802,-0.902859,-0.131078,0.513333
-0.269759,0.0277651,-0.904186,-0.131933,0.52
-0.271249,0.0275853,-0.905499,-0.132816,0.526667
-0.272752,0.0274764,-0.9068,-0.133723,0.533333
-0.27759,0.0318018,-0.906159,-0.149589,0.54
-0.282589,0.0352842,-0.90557,-0.164457,0.546667
-0.287704,0.0378135,-0.905104,-0.178565,0.553333
-0.292852,0.0395353,-0.904724,-0.192014,0.56
-0.297949,0.0406639,-0.904364,-0.20482,0.566667
-0.3029,0.0413349,-0.903988,-0.21692,0.573333
-0.307595,0.0415685,-0.903609,-0.22819,0.58
-0.311918,0.0413115,-0.903283,-0.23849,0.586667
-0.315767,0.0405065,-0.903078,-0.247706,0.593333
-0.319072,0.0391371,-0.903045,-0.25578,0.6
-0.321804,0.0372363,-0.903209,-0.262712,0.606667
-0.323968,0.0348679,-0.90357,-0.268549,0.613333
-0.325599,0.0321052,-0.90412,-0.273368,0.62
-0.326744,0.0290174,-0.904841,-0.277256,0.626667
-0.32745,0.0256958,-0.905673,-0.28034,0.633333
-0.327757,0.0222494,-0.906517,-0.282769,0.64
-0.327726,0.0187289,-0.907371,-0.284604,0.646667
-0.327417,0.0151818,-0.908238,-0.285893,0.653333
-0.32689,0.011653,-0.909119,-0.286688,0.66
-0.326203,0.00818187,-0.910019,-0.287042,0.666667
-0.32541,0.00479906,-0.910938,-0.287015,0.673333
-0.32456,0.00152625,-0.91188,-0.286664,0.68
-0.323695,-0.00162079,-0.912849,-0.286043,0.686667
-0.322849,-0.00462637,-0.913844,-0.285205,0.693333
-0.322052,-0.00747871,-0.914866,-0.284193,0.7
-0.321324,-0.010165,-0.91591,-0.283049,0.706667
-0.320681,-0.0126718,-0.916973,-0.28181,0.713333
-0.320164,-0.0149642,-0.91803,-0.280586,0.72
-0.319776,-0.0170353,-0.919068,-0.279426,0.726667
-0.319505,-0.0188965,-0.920072,-0.278356,0.733333
-0.319345,-0.0205452,-0.921035,-0.277389,0.74
-0.319293,-0.0219776,-0.921953,-0.276537,0.746667
-0.319337,-0.0232044,-0.92283,-0.275784,0.753333
-0.319459,-0.0242418,-0.923666,-0.27511,0.76
-0.31965,-0.025105,-0.924464,-0.274504,0.766667
-0.319896,-0.0258118,-0.925228,-0.273953,0.773333
-0.319035,-0.0266709,-0.924892,-0.273528,0.78
-0.318386,-0.0272683,-0.924613,-0.273214,0.786667
-0.317955,-0.0274813,-0.924306,-0.273124,0.793333
-0.317699,-0.0273332,-0.923928,-0.273276,0.8
-0.317569,-0.0269008,-0.923467,-0.273659,0.806667
-0.317521,-0.0262627,-0.92292,-0.274241,0.813333
-0.317511,-0.0254795,-0.922283,-0.274983,0.82
-0.317506,-0.0245957,-0.921554,-0.275848,0.826667
-0.317479,-0.0236481,-0.920731,-0.276803,0.833333
-0.317407,-0.0226712,-0.919817,-0.277821,0.84
-0.317275,-0.0216969,-0.918818,-0.278885,0.846667
-0.317073,-0.0207511,-0.917739,-0.27998,0.853333
-0.316797,-0.0198511,-0.916588,-0.281097,0.86
-0.316445,-0.0190054,-0.91537,-0.282227,0.866667
-0.316018,-0.0182162,-0.914093,-0.283361,0.873333
-0.315518,-0.0174824,-0.912764,-0.28449,0.88
-0.31495,-0.0168017,-0.911387,-0.285607,0.886667
-0.314319,-0.0161718,-0.909973,-0.286706,0.893333
-0.313629,-0.0155905,-0.908527,-0.287784,0.9
-0.312889,-0.0150555,-0.907057,-0.288834,0.906667
-0.312102,-0.0145641,-0.90557,-0.289855,0.913333
-0.311275,-0.0141133,-0.904072,-0.290843,0.92
-0.310412,-0.0137002,-0.90257,-0.291794,0.926667
-0.30952,-0.0133217,-0.901068,-0.292706,0.933333
-0.308602,-0.0129749,-0.899573,-0.293577,0.94
-0.307663,-0.0126569,-0.898087,-0.294405,0.946667
-0.306707,-0.0123653,-0.896616,-0.295189,0.953333
-0.305482,-0.00791245,-0.89117,-0.299374,0.96
-0.304167,-0.00403051,-0.88625,-0.302625,0.966667
-0.302696,-0.000667494,-0.881842,-0.304918,0.973333
-0.301141,0.00228685,-0.877885,-0.306493,0.98
-0.299589,0.00491444,-0.87431,-0.307614,0.986667
-0.298093,0.00726977,-0.87107,-0.308445,0.993333
-0.268761,-0.462338,-0.854753,-0.17149,0
-0.261453,-0.457405,-0.850402,-0.172592,0.00666667
-0.251825,-0.452591,-0.845431,-0.177616,0.0133333
-0.242605,-0.449131,-0.839676,-0.181761,0.02
-0.234086,-0.447262,-0.832885,-0.183784,0.0266667
-0.226252,-0.445753,-0.825834,-0.184059,0.0333333
-0.219125,-0.445455,-0.818311,-0.182853,0.04
-0.21257,-0.445824,-0.810793,-0.181034,0.0466667
-0.206454,-0.446341,-0.80362,-0.179171,0.0533333
-0.200706,-0.446654,-0.796927,-0.177382,0.06
-0.195331,-0.446615,-0.790702,-0.175469,0.0666667
-0.190392,-0.446235,-0.784872,-0.173141,0.0733333
-0.185978,-0.445606,-0.77938,-0.170174,0.08
-0.182177,-0.444829,-0.774211,-0.166469,0.0866667
-0.179055,-0.443969,-0.76939,-0.162021,0.0933333
-0.176652,-0.443035,-0.764958,-0.156878,0.1
-0.17514,-0.442261,-0.760998,-0.151123,0.106667
-0.174342,-0.441646,-0.757441,-0.145021,0.113333
-0.173456,-0.440471,-0.754101,-0.139072,0.12
-0.172513,-0.438741,-0.751006,-0.133229,0.126667
-0.171546,-0.436419,-0.748233,-0.127514,0.133333
-0.170573,-0.433492,-0.745894,-0.122049,0.14
-0.16961,-0.430004,-0.744096,-0.117022,0.146667
-0.16867,-0.426061,-0.742912,-0.112631,0.153333
-0.167764,-0.421821,-0.742346,-0.109014,0.16
-0.166905,-0.417462,-0.742322,-0.106193,0.166667
-0.166108,-0.413158,-0.742704,-0.104078,0.173333
-0.165375,-0.40905,-0.743329,-0.102516,0.18
-0.164697,-0.405232,-0.744043,-0.101337,0.186667
-0.164059,-0.401757,-0.74472,-0.100381,0.193333
-0.163421,-0.398611,-0.745314,-0.0996204,0.2
-0.16276,-0.395767,-0.745779,-0.0989771,0.206667
-0.162053,-0.393177,-0.746096,-0.0984075,0.213333
-0.161286,-0.390789,-0.746268,-0.0978857,0.22
-0.160456,-0.388555,-0.746307,-0.0973933,0.226667
-0.159588,-0.386471,-0.746213,-0.0968739,0.233333
-0.158699,-0.384518,-0.746003,-0.0962967,0.24
-0.157815,-0.382679,-0.745695,-0.0956356,0.246667
-0.156959,-0.38094,-0.745315,-0.0948714,0.253333
-0.156175,-0.379288,-0.744901,-0.0939824,0.26
-0.155458,-0.377695,-0.744476,-0.0929937,0.266667
-0.155164,-0.376217,-0.744244,-0.0916429,0.273333
-0.154884,-0.37472,-0.744047,-0.0903172,0.28
-0.154623,-0.373181,-0.74391,-0.0890344,0.286667
-0.154395,-0.371597,-0.743842,-0.0877814,0.293333
-0.154213,-0.369975,-0.743841,-0.0865357,0.3
-0.154087,-0.368324,-0.743905,-0.0852788,0.306667
-0.154023,-0.366651,-0.744031,-0.0840022,0.313333
-0.154023,-0.364961,-0.744219,-0.0827064,0.32
-0.154083,-0.363257,-0.744468,-0.0813961,0.326667
-0.154199,-0.361536,-0.744776,-0.0800771,0.333333
-0.154365,-0.359798,-0.745141,-0.078757,0.34
-0.154575,-0.358053,-0.745545,-0.0774195,0.346667
-0.154827,-0.356306,-0.745983,-0.0760645,0.353333
-0.155118,-0.354557,-0.746453,-0.0746933,0.36
-0.155447,-0.352811,-0.746952,-0.0733072,0.366667
-0.155812,-0.351071,-0.747479,-0.0719076,0.373333
-0.156212,-0.349337,-0.74803,-0.0704955,0.38
-0.156644,-0.347614,-0.748603,-0.0690718,0.386667
-0.157106,-0.345904,-0.749195,-0.0676377,0.393333
-0.157597,-0.344208,-0.749805,-0.0661945,0.4
-0.158115,-0.342529,-0.75043,-0.0647435,0.406667
-0.158657,-0.340869,-0.751067,-0.063286,0.413333
-0.159223,-0.33923,-0.751715,-0.0618229,0.42
-0.15981,-0.337615,-0.752372,-0.0603552,0.426667
-0.160418,-0.336026,-0.753034,-0.0588836,0.433333
-0.161044,-0.334464,-0.753701,-0.0574089,0.44
-0.161687,-0.332932,-0.75437,-0.0559319,0.446667
-0.162346,-0.331429,-0.75504,-0.0544535,0.453333
-0.16302,-0.329959,-0.755709,-0.0529744,0.46
-0.163706,-0.328522,-0.756376,-0.0514956,0.466667
-0.164405,-0.327118,-0.75704,-0.0500176,0.473333
-0.165113,-0.325749,-0.757698,-0.0485414,0.48
-0.165829,-0.324412,-0.758354,-0.0470774,0.486667
-0.16655,-0.323108,-0.759006,-0.0456256,0.493333
-0.167277,-0.321838,-0.759651,-0.0441832,0.5
-0.168009,-0.320606,-0.760288,-0.0427479,0.506667
-0.168745,-0.319411,-0.760913,-0.041318,0.513333
-0.169485,-0.318254,-0.761526,-0.0398928,0.52
-0.170226,-0.317137,-0.76213,-0.038483,0.526667
-0.170969,-0.316062,-0.762721,-0.0370877,0.533333
-0.171714,-0.315032,-0.763298,-0.0357016,0.54
-0.172463,-0.314048,-0.763857,-0.0343202,0.546667
-0.173214,-0.31311,-0.764398,-0.0329408,0.553333
-0.173966,-0.312217,-0.764919,-0.0315627,0.56
-0.174719,-0.311365,-0.765422,-0.030187,0.566667
-0.175469,-0.310551,-0.765906,-0.0288153,0.573333
-0.176217,-0.309771,-0.766372,-0.0274491,0.58
-0.17696,-0.309024,-0.76682,-0.0260896,0.586667
-0.177696,-0.308306,-0.767251,-0.0247379,0.593333
-0.178426,-0.307616,-0.767664,-0.0233946,0.6
-0.179148,-0.306952,-0.768061,-0.0220608,0.606667
-0.179861,-0.306311,-0.768441,-0.0207371,0.613333
-0.180563,-0.30569,-0.768805,-0.0194247,0.62
-0.181254,-0.305089,-0.769153,-0.0181246,0.626667
-0.181931,-0.304504,-0.769485,-0.016838,0.633333
-0.182595,-0.303934,-0.769802,-0.0155659,0.64
-0.184677,-0.303945,-0.77172,-0.0152492,0.646667
-0.186593,-0.303657,-0.773577,-0.014847,0.653333
-0.188513,-0.303017,-0.775546,-0.0143121,0.66
-0.19048,-0.302001,-0.777755,-0.0137975,0.666667
-0.192501,-0.300643,-0.780272,-0.013459,0.673333
-0.194592,-0.299039,-0.783087,-0.0133518,0.68
-0.196786,-0.297332,-0.786137,-0.0134205,0.686667
-0.199125,-0.29566,-0.789338,-0.0135555,0.693333
-0.201633,-0.294121,-0.792624,-0.0136587,0.7
-0.204313,-0.292755,-0.795956,-0.013681,0.706667
-0.207152,-0.291557,-0.799326,-0.0136218,0.713333
-0.210122,-0.29049,-0.802737,-0.0135064,0.72
-0.213195,-0.289514,-0.806198,-0.0133703,0.726667
-0.215432,-0.289224,-0.808781,-0.0138375,0.733333
-0.218144,-0.289503,-0.811159,-0.0134109,0.74
-0.221399,-0.290559,-0.813178,-0.0118394,0.746667
-0.225119,-0.292337,-0.814844,-0.00931178,0.753333
-0.229163,-0.294646,-0.816246,-0.00619257,0.76
-0.233378,-0.297254,-0.817494,-0.00285287,0.766667
-0.237623,-0.299946,-0.818688,0.000418734,0.773333
-0.241788,-0.302548,-0.819904,0.00344219,0.78
-0.245796,-0.304938,-0.821188,0.00613136,0.786667
-0.249602,-0.307041,-0.822565,0.00846698,0.793333
-0.253189,-0.308821,-0.824043,0.0104732,0.8
-0.256559,-0.310276,-0.825613,0.0122008,0.806667
-0.25973,-0.311421,-0.827261,0.0137155,0.813333
-0.262728,-0.312285,-0.828964,0.0150873,0.82
-0.265582,-0.312898,-0.830701,0.0163814,0.826667
-0.268319,-0.313294,-0.832456,0.017652,0.833333
-0.270966,-0.313499,-0.834216,0.0189397,0.84
-0.273544,-0.313537,-0.835973,0.0202719,0.846667
-0.276072,-0.31343,-0.837726,0.0216663,0.853333
-0.278564,-0.313192,-0.839473,0.0231338,0.86
-0.281034,-0.31284,-0.841215,0.0246809,0.866667
-0.283491,-0.312382,-0.842954,0.026311,0.873333
-0.285942,-0.31183,-0.84469,0.0280251,0.88
-0.288386,-0.311186,-0.846423,0.0298176,0.886667
-0.290818,-0.310456,-0.84815,0.0316817,0.893333
-0.293244,-0.309645,-0.849874,0.0336147,0.9
-0.295665,-0.308761,-0.851596,0.0356133,0.906667
-0.298082,-0.307811,-0.853309,0.0376774,0.913333
-0.30049,-0.306797,-0.855013,0.0398004,0.92
-0.302883,-0.305719,-0.856713,0.0419682,0.926667
-0.305257,-0.304574,-0.85841,0.0441694,0.933333
-0.307602,-0.303361,-0.860106,0.0463896,0.94
-0.309892,-0.302072,-0.861803,0.0485945,0.946667
-0.312124,-0.300707,-0.863501,0.0507774,0.953333
-0.314292,-0.29927,-0.865198,0.0529325,0.96
-0.316395,-0.297762,-0.866894,0.0550551,0.966667
-0.318428,-0.296187,-0.868586,0.0571412,0.973333
-0.320389,-0.294549,-0.870271,0.0591872,0.98
-0.322275,-0.292851,-0.871947,0.06119,0.986667
-0.324084,-0.291099,-0.87361,0.0631468,0.993333
-0.419039,0.0401006,-1.01217,-0.234944,0
-0.423827,0.0444346,-1.01694,-0.230624,0.00666667
-0.427122,0.0478382,-1.02244,-0.222399,0.0133333
-0.430329,0.0522494,-1.02736,-0.214155,0.02
-0.434115,0.0581235,-1.03157,-0.207289,0.0266667
-0.438705,0.0654412,-1.03516,-0.202199,0.0333333
-0.444266,0.0746073,-1.03782,-0.19938,0.04
-0.450451,0.0844737,-1.04014,-0.197703,0.0466667
-0.45708,0.0946665,-1.04225,-0.196734,0.0533333
-0.463934,0.10484,-1.04426,-0.196075,0.06
-0.470805,0.114745,-1.04621,-0.195445,0.0666667
-0.477504,0.124231,-1.04811,-0.194674,0.0733333
-0.483859,0.133221,-1.04991,-0.193662,0.08
-0.489701,0.141686,-1.05155,-0.192338,0.0866667
-0.494866,0.149615,-1.05294,-0.190653,0.0933333
-0.4992,0.156996,-1.05399,-0.188579,0.1
-0.502562,0.163784,-1.05461,-0.186124,0.106667
-0.504869,0.169853,-1.0548,-0.183341,0.113333
-0.5061,0.174845,-1.05494,-0.180006,0.12
-0.506411,0.17893,-1.05506,-0.176199,0.126667
-0.50605,0.182354,-1.05513,-0.172062,0.133333
-0.505218,0.185246,-1.05521,-0.167724,0.14
-0.504155,0.187772,-1.05529,-0.163371,0.146667
-0.503069,0.190036,-1.05541,-0.159165,0.153333
-0.502073,0.192027,-1.05564,-0.155185,0.16
-0.501169,0.193652,-1.05605,-0.151406,0.166667
-0.50028,0.194793,-1.05671,-0.147725,0.173333
-0.499296,0.19535,-1.05762,-0.144016,0.18
-0.498124,0.195274,-1.05877,-0.140175,0.186667
-0.4967,0.194572,-1.06011,-0.136144,0.193333
-0.495001,0.193298,-1.06157,-0.131916,0.2
-0.493029,0.191536,-1.06305,-0.127522,0.206667
-0.495156,0.190288,-1.06611,-0.12703,0.213333
-0.49731,0.18984,-1.06865,-0.126712,0.22
-0.49933,0.189871,-1.07075,-0.126436,0.226667
-0.500976,0.189969,-1.07254,-0.125964,0.233333
-0.502092,0.189898,-1.07409,-0.125146,0.24
-0.502659,0.189643,-1.07537,-0.123984,0.246667
-0.507057,0.19197,-1.07563,-0.128965,0.253333
-0.510821,0.193898,-1.07627,-0.132381,0.26
-0.513763,0.195068,-1.07734,-0.134318,0.266667
-0.516051,0.195767,-1.07851,-0.135389,0.273333
-0.517926,0.19646,-1.07944,-0.136174,0.28
-0.519563,0.197501,-1.07989,-0.136986,0.286667
-0.521029,0.198999,-1.07985,-0.137854,0.293333
-0.522657,0.199032,-1.08222,-0.136426,0.3
-0.52409,0.199371,-1.08437,-0.134737,0.306667
-0.525277,0.199861,-1.08634,-0.132765,0.313333
-0.526192,0.200235,-1.08831,-0.130428,0.32
-0.526828,0.200337,-1.09036,-0.127722,0.326667
-0.532517,0.204427,-1.09658,-0.122519,0.333333
-0.53836,0.208845,-1.1031,-0.1167,0.34
-0.544834,0.214236,-1.10996,-0.1104,0.346667
-0.552065,0.220615,-1.11725,-0.103675,0.353333
-0.560044,0.227784,-1.12503,-0.096567,0.36
-0.568718,0.235521,-1.13339,-0.0890847,0.366667
-0.578044,0.24368,-1.14236,-0.0812089,0.373333
-0.588006,0.252218,-1.15197,-0.0729166,0.38
-0.588855,0.253963,-1.15384,-0.0689877,0.386667
-0.589107,0.253933,-1.15645,-0.0643821,0.393333
-0.588415,0.251419,-1.16002,-0.0586012,0.4
-0.587228,0.24729,-1.16408,-0.0520659,0.406667
-0.586719,0.24348,-1.16807,-0.0458937,0.413333
-0.587064,0.2421,-1.17039,-0.0417359,0.42
-0.586976,0.240836,-1.17148,-0.03853,0.426667
-0.585262,0.237975,-1.17191,-0.0351059,0.433333
-0.572453,0.210116,-1.17982,-0.0114078,0.44
-0.561378,0.186802,-1.1822,0.00789177,0.446667
-0.552963,0.168449,-1.18245,0.0239822,0.453333
-0.546471,0.154725,-1.18145,0.0369337,0.46
-0.541328,0.144404,-1.17996,0.0473811,0.466667
-0.537065,0.136078,-1.17842,0.0562817,0.473333
-0.533403,0.128766,-1.177,0.0643738,0.48
-0.530152,0.122059,-1.1757,0.0719634,0.486667
-0.527215,0.115978,-1.17422,0.0789933,0.493333
-0.527531,0.131584,-1.17278,0.0672299,0.5
-0.529984,0.151973,-1.17061,0.0501013,0.506667
-0.533039,0.168133,-1.16807,0.0352985,0.513333
-0.535175,0.177698,-1.16591,0.0253707,0.52
-0.534753,0.178848,-1.16464,0.022497,0.526667
-0.532781,0.176891,-1.16335,0.0225087,0.533333
-0.530284,0.175839,-1.16118,0.0218724,0.54
-0.528114,0.178149,-1.15776,0.0182923,0.546667
-0.526527,0.183459,-1.15328,0.0119079,0.553333
-0.525243,0.18963,-1.14829,0.00447714,0.56
-0.523772,0.194617,-1.1434,-0.00220476,0.566667
-0.521793,0.197566,-1.13897,-0.00728837,0.573333
-0.519337,0.198847,-1.13501,-0.0109511,0.58
-0.51663,0.199429,-1.13127,-0.0138382,0.586667
-0.513895,0.20014,-1.1275,-0.0165487,0.593333
-0.511225,0.201271,-1.12359,-0.0193125,0.6
-0.508574,0.202649,-1.1196,-0.0220134,0.606667
-0.505827,0.203907,-1.11564,-0.0243976,0.613333
-0.502871,0.204714,-1.11182,-0.0262386,0.62
-0.499649,0.204915,-1.1082,-0.0274407,0.626667
-0.496164,0.204524,-1.10475,-0.0280356,0.633333
-0.492453,0.20364,-1.10147,-0.0281178,0.64
-0.488559,0.202357,-1.0983,-0.0277783,0.646667
-0.484519,0.200716,-1.09524,-0.0270715,0.653333
-0.480358,0.198714,-1.09231,-0.0260182,0.66
-0.476105,0.196332,-1.08952,-0.0246279,0.666667
-0.471794,0.193564,-1.08689,-0.0229202,0.673333
-0.467468,0.19043,-1.08443,-0.0209343,0.68
-0.463178,0.186979,-1.08213,-0.0187264,0.686667
-0.458971,0.183269,-1.07998,-0.0163596,0.693333
-0.454888,0.179363,-1.07797,-0.0138958,0.7
-0.450971,0.17531,-1.07611,-0.0114,0.706667
-0.447257,0.171141,-1.0744,-0.0089342,0.713333
-0.443748,0.166881,-1.07283,-0.00652641,0.72
-0.440446,0.162558,-1.07137,-0.00420476,0.726667
-0.437345,0.158208,-1.07001,-0.00199818,0.733333
-0.434442,0.153865,-1.06874,6.55902e-05,0.74
-0.431726,0.149563,-1.06754,0.00196241,0.746667
-0.429189,0.145334,-1.06639,0.00367288,0.753333
-0.426819,0.141203,-1.06528,0.00518167,0.76
-0.424603,0.137199,-1.06421,0.00647593,0.766667
-0.422531,0.133346,-1.06315,0.00754384,0.773333
-0.420592,0.129671,-1.06211,0.00837407,0.78
-0.418779,0.126201,-1.06108,0.00895622,0.786667
-0.417082,0.122959,-1.06005,0.00928175,0.793333
-0.415494,0.119968,-1.05902,0.00934497,0.8
-0.414011,0.117243,-1.05798,0.0091435,0.806667
-0.412625,0.114801,-1.05695,0.00867848,0.813333
-0.411333,0.11265,-1.05591,0.00795446,0.82
-0.410131,0.1108,-1.05486,0.00697924,0.826667
-0.409018,0.109255,-1.05382,0.00576375,0.833333
-0.407993,0.108016,-1.05278,0.00432185,0.84
-0.407056,0.107083,-1.05174,0.00267005,0.846667
-0.40621,0.106451,-1.05071,0.000826983,0.853333
-0.405458,0.106115,-1.04969,-0.00118735,0.86
-0.399207,0.112261,-1.04069,-0.0105255,0.866667
-0.398487,0.128414,-1.0329,-0.0268977,0.873333
-0.397557,0.140753,-1.02506,-0.0405143,0.88
-0.395857,0.149813,-1.01726,-0.0514294,0.886667
-0.393083,0.15663,-1.00936,-0.059809,0.893333
-0.389125,0.162025,-1.00126,-0.0658729,0.9
-0.384083,0.166482,-0.992887,-0.0701642,0.906667
-0.378083,0.170282,-0.984195,-0.0731779,0.913333
-0.37134,0.173474,-0.975243,-0.0754171,0.92
-0.364055,0.176033,-0.966126,-0.0772626,0.926667
-0.356387,0.177946,-0.956926,-0.078966,0.933333
-0.348451,0.179227,-0.947706,-0.0806677,0.94
-0.340331,0.179922,-0.938512,-0.082437,0.946667
-0.332052,0.180037,-0.929437,-0.0841351,0.953333
-0.332977,0.180143,-0.929146,-0.0867724,0.96
-0.333942,0.180829,-0.928467,-0.0897387,0.966667
-0.335203,0.182382,-0.927458,-0.0931219,0.973333
-0.33667,0.184387,-0.926349,-0.09659,0.98
-0.33819,0.186387,-0.92535,-0.0998175,0.986667
-0.339668,0.188157,-0.924551,-0.102675,0.993333
-0.245817,-0.0631008,-0.797448,0.286723,0
-0.243859,-0.0589808,-0.80203,0.280284,0.00666667
-0.230739,-0.0418149,-0.810058,0.259871,0.0133333
-0.215946,-0.0223399,-0.814632,0.23875,0.02
-0.202354,-0.0101874,-0.812349,0.223207,0.0266667
-0.190547,-0.00497827,-0.805966,0.213668,0.0333333
-0.179775,-0.00338805,-0.79794,0.207339,0.04
-0.1695,-0.00465743,-0.788658,0.20311,0.0466667
-0.159732,-0.00637595,-0.77992,0.19827,0.0533333
-0.150574,-0.00800783,-0.772098,0.192516,0.06
-0.142821,-0.00973825,-0.765646,0.186672,0.0666667
-0.136721,-0.0121399,-0.760372,0.181596,0.0733333
-0.132314,-0.0155516,-0.756043,0.177898,0.08
-0.129386,-0.0199335,-0.752401,0.175771,0.0866667
-0.127591,-0.0249339,-0.749243,0.175024,0.0933333
-0.126532,-0.0301431,-0.746381,0.175303,0.1
-0.125869,-0.0352178,-0.743682,0.176236,0.106667
-0.125366,-0.039952,-0.741068,0.177537,0.113333
-0.124915,-0.0442697,-0.738516,0.179044,0.12
-0.124865,-0.0480706,-0.736417,0.180764,0.126667
-0.125374,-0.0514411,-0.734896,0.182716,0.133333
-0.126391,-0.0544803,-0.733861,0.184922,0.14
-0.127849,-0.0572278,-0.733233,0.187371,0.146667
-0.129786,-0.0595917,-0.733092,0.190061,0.153333
-0.132283,-0.0614654,-0.733541,0.193053,0.16
-0.135426,-0.0627164,-0.734604,0.196641,0.166667
-0.139145,-0.0635421,-0.736128,0.200821,0.173333
-0.143281,-0.064086,-0.737716,0.205959,0.18
-0.14776,-0.064771,-0.739316,0.211529,0.186667
-0.152495,-0.0658365,-0.740901,0.217113,0.193333
-0.157383,-0.0671695,-0.742432,0.222656,0.2
-0.1623,-0.0685833,-0.743873,0.22815,0.206667
-0.167161,-0.0699177,-0.74521,0.233618,0.213333
-0.171968,-0.0709429,-0.746597,0.239014,0.22
-0.176754,-0.0715781,-0.748139,0.244313,0.226667
-0.181554,-0.0719089,-0.749833,0.249534,0.233333
-0.186398,-0.0720271,-0.751678,0.254659,0.24
-0.191297,-0.0719984,-0.75368,0.259651,0.246667
-0.196253,-0.0718573,-0.755845,0.264482,0.253333
-0.201268,-0.071617,-0.758177,0.269146,0.26
-0.206344,-0.0712819,-0.760671,0.273666,0.266667
-0.211488,-0.0708568,-0.763314,0.278079,0.273333
-0.216707,-0.0703487,-0.766088,0.282425,0.28
-0.222003,-0.0697662,-0.768974,0.286734,0.286667
-0.227371,-0.0691177,-0.771952,0.291024,0.293333
-0.232802,-0.0684107,-0.775008,0.2953,0.3
-0.238285,-0.0676523,-0.778124,0.299564,0.306667
-0.243806,-0.0668491,-0.781284,0.303816,0.313333
-0.249355,-0.0660086,-0.784471,0.308061,0.32
-0.254921,-0.0651385,-0.787665,0.312306,0.326667
-0.260498,-0.0642476,-0.790846,0.316559,0.333333
-0.266079,-0.0633456,-0.793993,0.320831,0.34
-0.271656,-0.0624436,-0.797082,0.325133,0.346667
-0.277227,-0.0615546,-0.800089,0.329477,0.353333
-0.282786,-0.060693,-0.802989,0.333873,0.36
-0.288331,-0.0598739,-0.805754,0.338333,0.366667
-0.29386,-0.0591128,-0.808358,0.34287,0.373333
-0.299372,-0.0584239,-0.810774,0.347495,0.38
-0.304869,-0.0578198,-0.812976,0.352219,0.386667
-0.310353,-0.0573108,-0.814942,0.357054,0.393333
-0.315829,-0.0569042,-0.816653,0.362007,0.4
-0.321304,-0.0566041,-0.818094,0.367087,0.406667
-0.326787,-0.0564116,-0.819253,0.372302,0.413333
-0.332289,-0.0563243,-0.820123,0.377656,0.42
-0.337822,-0.056337,-0.820701,0.383154,0.426667
-0.343402,-0.0564419,-0.820988,0.388798,0.433333
-0.349044,-0.0566293,-0.820987,0.394592,0.44
-0.354764,-0.0568883,-0.8207,0.400537,0.446667
-0.360581,-0.0572074,-0.820133,0.406634,0.453333
-0.366512,-0.057575,-0.819289,0.412885,0.46
-0.372575,-0.0579805,-0.818168,0.419292,0.466667
-0.378791,-0.0584141,-0.816768,0.425859,0.473333
-0.385179,-0.0588675,-0.815084,0.432588,0.48
-0.391762,-0.0593344,-0.813105,0.439483,0.486667
-0.398565,-0.059811,-0.810811,0.446552,0.493333
-0.405615,-0.0602958,-0.808177,0.453801,0.5
-0.412949,-0.0607865,-0.805161,0.461236,0.506667
-0.418248,-0.0549554,-0.812825,0.465263,0.513333
-0.423784,-0.0495073,-0.819265,0.470011,0.52
-0.429914,-0.0449097,-0.82406,0.475615,0.526667
-0.411215,-0.0317164,-0.82902,0.470014,0.533333
-0.39566,-0.0213592,-0.830905,0.465321,0.54
-0.382704,-0.0141003,-0.829896,0.461626,0.546667
-0.372025,-0.00971101,-0.826881,0.458695,0.553333
-0.362832,-0.007115,-0.822829,0.456244,0.56
-0.354492,-0.00541875,-0.818417,0.454008,0.566667
-0.346704,-0.00426032,-0.813934,0.451806,0.573333
-0.339415,-0.00370336,-0.809397,0.44953,0.58
-0.332672,-0.00396839,-0.804734,0.447101,0.586667
-0.326485,-0.00519217,-0.799925,0.444434,0.593333
-0.320782,-0.00731593,-0.795054,0.441435,0.6
-0.315401,-0.0100945,-0.790297,0.437996,0.606667
-0.310046,-0.0129566,-0.785966,0.434039,0.613333
-0.304329,-0.0153025,-0.782474,0.429298,0.62
-0.298127,-0.01668,-0.780028,0.423893,0.626667
-0.32123,-0.0752125,-0.715421,0.445377,0.633333
-0.340991,-0.113051,-0.661032,0.456187,0.64
-0.358489,-0.140468,-0.611179,0.461723,0.646667
-0.373722,-0.16192,-0.565442,0.46235,0.653333
-0.37977,-0.176226,-0.532543,0.458615,0.66
-0.359409,-0.176372,-0.540907,0.450855,0.666667
-0.350059,-0.178548,-0.545588,0.444526,0.673333
-0.321965,-0.172854,-0.563522,0.434019,0.68
-0.297445,-0.166506,-0.577834,0.423589,0.686667
-0.29437,-0.171739,-0.570535,0.420428,0.693333
-0.301089,-0.183642,-0.553024,0.419243,0.7
-0.308115,-0.195329,-0.539354,0.415758,0.706667
-0.308744,-0.203761,-0.537856,0.408084,0.713333
-0.302242,-0.208699,-0.548387,0.39647,0.72
-0.292714,-0.211362,-0.564967,0.382524,0.726667
-0.284876,-0.213725,-0.581383,0.368456,0.733333
-0.267489,-0.211589,-0.603674,0.348649,0.74
-0.246398,-0.20553,-0.626701,0.325771,0.746667
-0.230037,-0.199026,-0.644933,0.30573,0.753333
-0.221197,-0.194595,-0.657336,0.291914,0.76
-0.218619,-0.192451,-0.665777,0.283936,0.766667
-0.219386,-0.191389,-0.672459,0.279368,0.773333
-0.221045,-0.190362,-0.678531,0.27611,0.78
-0.22252,-0.188924,-0.684223,0.273397,0.786667
-0.239608,-0.210595,-0.680675,0.271488,0.793333
-0.256172,-0.228955,-0.678012,0.270073,0.8
-0.274744,-0.245975,-0.675022,0.270537,0.806667
-0.295945,-0.262398,-0.671807,0.272167,0.813333
-0.316725,-0.277109,-0.670557,0.272304,0.82
-0.337611,-0.290926,-0.671257,0.271006,0.826667
-0.34383,-0.297319,-0.683677,0.260921,0.833333
-0.359766,-0.304976,-0.690577,0.258703,0.84
-0.381055,-0.312131,-0.694549,0.261394,0.846667
-0.400394,-0.317092,-0.70004,0.263816,0.853333
-0.417389,-0.320166,-0.707742,0.265468,0.86
-0.43234,-0.321885,-0.716904,0.266607,0.866667
-0.445677,-0.322597,-0.726938,0.267502,0.873333
-0.457796,-0.322475,-0.737336,0.268462,0.88
-0.46771,-0.321505,-0.74863,0.268791,0.886667
-0.478932,-0.320921,-0.757433,0.270525,0.893333
-0.489509,-0.320262,-0.765654,0.27229,0.9
-0.498206,-0.319393,-0.774514,0.273092,0.906667
-0.504726,-0.318044,-0.784157,0.27299,0.913333
-0.509435,-0.315875,-0.794374,0.272545,0.92
-0.512791,-0.312803,-0.804852,0.272135,0.926667
-0.514663,-0.308536,-0.81556,0.271921,0.933333
-0.515119,-0.303118,-0.826369,0.271864,0.94
-0.514635,-0.296952,-0.836847,0.271965,0.946667
-0.513895,-0.290596,-0.846386,0.272379,0.953333
-0.513344,-0.284448,-0.854583,0.273269,0.96
-0.50652,-0.2759,-0.875523,0.263847,0.966667
-0.501163,-0.267374,-0.892856,0.25614,0.973333
-0.497297,-0.259308,-0.906968,0.250261,0.98
-0.494357,-0.251561,-0.918465,0.246059,0.986667
-0.491673,-0.244031,-0.928525,0.242443,0.993333
-0.666684,-0.0267114,-1.3166,-0.0981924,0
-0.678617,-0.00344038,-1.3235,-0.111333,0.00666667
-0.707705,0.0380864,-1.33224,-0.155482,0.0133333
-0.752229,0.0852873,-1.33231,-0.216418,0.02
-0.810447,0.129202,-1.32002,-0.280502,0.0266667
-0.879712,0.164884,-1.29571,-0.339567,0.0333333
-0.955328,0.189004,-1.26242,-0.388248,0.04
-1.03188,0.200691,-1.2243,-0.424215,0.0466667
-1.10089,0.19492,-1.20676,-0.450327,0.0533333
-1.12434,0.187493,-1.21013,-0.460749,0.06
-1.14457,0.179985,-1.2102,-0.470627,0.0666667
-1.16169,0.172578,-1.20802,-0.479712,0.0733333
-1.17492,0.165298,-1.205,-0.487961,0.08
-1.18402,0.158214,-1.20198,-0.495505,0.0866667
-1.18921,0.151398,-1.19921,-0.502505,0.0933333
-1.19101,0.144902,-1.1965,-0.509066,0.1
-1.19,0.138775,-1.19343,-0.515218,0.106667
-1.1868,0.133072,-1.18954,-0.520935,0.113333
-1.18192,0.127864,-1.18445,-0.526153,0.12
-1.17569,0.123183,-1.17815,-0.530844,0.126667
-1.16844,0.119124,-1.17057,-0.534915,0.133333
-1.16034,0.115737,-1.16196,-0.538313,0.14
-1.15147,0.11304,-1.15278,-0.54102,0.146667
-1.14186,0.111048,-1.14349,-0.54302,0.153333
-1.13149,0.109744,-1.13458,-0.544328,0.16
-1.12029,0.109092,-1.12644,-0.544966,0.166667
-1.10818,0.109048,-1.11936,-0.544952,0.173333
-1.09514,0.109553,-1.11345,-0.544295,0.18
-1.08124,0.110537,-1.10869,-0.542998,0.186667
-1.06657,0.111925,-1.10501,-0.541064,0.193333
-1.05127,0.113638,-1.10228,-0.538497,0.2
-1.03549,0.115597,-1.10037,-0.535313,0.206667
-1.01941,0.117709,-1.09918,-0.531551,0.213333
-1.00338,0.119788,-1.09859,-0.527396,0.22
-0.987644,0.121746,-1.09843,-0.522963,0.226667
-0.972353,0.123569,-1.09855,-0.518309,0.233333
-0.95763,0.125247,-1.09884,-0.513503,0.24
-0.94357,0.126778,-1.09922,-0.508617,0.246667
-0.930238,0.128163,-1.09962,-0.503716,0.253333
-0.917681,0.12941,-1.10002,-0.498861,0.26
-0.905932,0.130532,-1.10039,-0.494101,0.266667
-0.89501,0.131543,-1.10072,-0.489481,0.273333
-0.884919,0.132459,-1.10102,-0.48503,0.28
-0.875646,0.133278,-1.10127,-0.480801,0.286667
-0.867151,0.133989,-1.10146,-0.476831,0.293333
-0.866813,0.134342,-1.10281,-0.475826,0.3
-0.866034,0.134705,-1.10404,-0.47468,0.306667
-0.864662,0.13468,-1.10585,-0.473445,0.313333
-0.863151,0.134653,-1.1079,-0.472036,0.32
-0.870518,0.141834,-1.09637,-0.472124,0.326667
-0.876544,0.147036,-1.08819,-0.471939,0.333333
-0.88016,0.150532,-1.08237,-0.471553,0.34
-0.881664,0.15276,-1.07863,-0.470965,0.346667
-0.881482,0.154128,-1.07648,-0.47016,0.353333
-0.879535,0.154594,-1.0761,-0.469137,0.36
-0.875394,0.153878,-1.07795,-0.467856,0.366667
-0.869882,0.152668,-1.08082,-0.466181,0.373333
-0.863272,0.151124,-1.08438,-0.464058,0.38
-0.855664,0.149313,-1.08848,-0.461415,0.386667
-0.84687,0.147177,-1.09316,-0.458115,0.393333
-0.847555,0.144879,-1.09853,-0.458349,0.4
-0.843131,0.141567,-1.10648,-0.456213,0.406667
-0.836478,0.138135,-1.1154,-0.452378,0.413333
-0.828778,0.134895,-1.12455,-0.44719,0.42
-0.820346,0.131853,-1.13369,-0.440783,0.426667
-0.811464,0.128966,-1.14264,-0.433355,0.433333
-0.802603,0.126281,-1.15102,-0.425324,0.44
-0.794034,0.124136,-1.15763,-0.41738,0.446667
-0.785657,0.122903,-1.16103,-0.410316,0.453333
-0.777801,0.122495,-1.16118,-0.40479,0.46
-0.770433,0.122609,-1.15847,-0.401047,0.466667
-0.763124,0.122766,-1.15371,-0.398778,0.473333
-0.755214,0.122485,-1.14793,-0.397238,0.48
-0.746119,0.121531,-1.14203,-0.39554,0.486667
-0.735966,0.119635,-1.13739,-0.392931,0.493333
-0.724619,0.116866,-1.13428,-0.388899,0.5
-0.713113,0.114006,-1.13218,-0.383748,0.506667
-0.707238,0.115074,-1.12805,-0.38095,0.513333
-0.705412,0.11886,-1.12262,-0.379941,0.52
-0.706185,0.124147,-1.11649,-0.38009,0.526667
-0.707547,0.12943,-1.11059,-0.380378,0.533333
-0.708837,0.134239,-1.10515,-0.380557,0.54
-0.710086,0.138619,-1.10009,-0.380719,0.546667
-0.711323,0.142657,-1.09532,-0.380884,0.553333
-0.711887,0.146081,-1.09114,-0.380642,0.56
-0.711456,0.148826,-1.08773,-0.379771,0.566667
-0.710148,0.151045,-1.08499,-0.378307,0.573333
-0.70814,0.152888,-1.08279,-0.376328,0.58
-0.705621,0.154479,-1.08102,-0.373934,0.586667
-0.702907,0.155944,-1.07962,-0.371263,0.593333
-0.700474,0.157436,-1.07858,-0.368491,0.6
-0.698474,0.159036,-1.07782,-0.365704,0.606667
-0.697015,0.16081,-1.0773,-0.362962,0.613333
-0.696169,0.162807,-1.07694,-0.360314,0.62
-0.69598,0.165057,-1.0767,-0.357795,0.626667
-0.69647,0.167573,-1.07656,-0.355432,0.633333
-0.69765,0.170357,-1.07648,-0.353246,0.64
-0.699536,0.173416,-1.07644,-0.351259,0.646667
-0.702143,0.176744,-1.07642,-0.349485,0.653333
-0.705512,0.180351,-1.0764,-0.347947,0.66
-0.709704,0.184249,-1.07635,-0.346672,0.666667
-0.714816,0.188467,-1.07621,-0.345702,0.673333
-0.720284,0.192673,-1.0763,-0.344752,0.68
-0.725304,0.196374,-1.07705,-0.343512,0.686667
-0.729489,0.199157,-1.07868,-0.342024,0.693333
-0.732965,0.200021,-1.07779,-0.343586,0.7
-0.735877,0.200153,-1.07732,-0.345212,0.706667
-0.737022,0.199213,-1.07829,-0.345881,0.713333
-0.735148,0.196729,-1.08177,-0.344579,0.72
-0.728409,0.191237,-1.08917,-0.340518,0.726667
-0.711977,0.175029,-1.10064,-0.336515,0.733333
-0.726382,0.186022,-1.09077,-0.34294,0.74
-0.729969,0.193353,-1.09015,-0.338334,0.746667
-0.716953,0.187442,-1.10028,-0.327651,0.753333
-0.700908,0.177056,-1.11365,-0.314602,0.76
-0.685378,0.164982,-1.12737,-0.300383,0.766667
-0.672538,0.153567,-1.13963,-0.286411,0.773333
-0.663057,0.144345,-1.14992,-0.273465,0.78
-0.656479,0.137323,-1.15859,-0.261843,0.786667
-0.651799,0.131578,-1.16651,-0.251032,0.793333
-0.648047,0.125862,-1.17457,-0.24013,0.8
-0.644144,0.11858,-1.18311,-0.228649,0.806667
-0.641087,0.110767,-1.19109,-0.21853,0.813333
-0.639668,0.104665,-1.19667,-0.212443,0.82
-0.646699,0.113553,-1.19344,-0.220745,0.826667
-0.652226,0.125436,-1.18615,-0.228812,0.833333
-0.656306,0.135912,-1.17895,-0.234625,0.84
-0.657867,0.143541,-1.17323,-0.236923,0.846667
-0.656909,0.148475,-1.16933,-0.235811,0.853333
-0.654849,0.152417,-1.16659,-0.232645,0.86
-0.652554,0.156369,-1.16433,-0.228517,0.866667
-0.652083,0.15968,-1.16099,-0.228849,0.873333
-0.652964,0.163791,-1.15731,-0.230502,0.88
-0.654858,0.169136,-1.15337,-0.232363,0.886667
-0.657464,0.175493,-1.14918,-0.234164,0.893333
-0.659974,0.183204,-1.14507,-0.234136,0.9
-0.662134,0.191387,-1.14122,-0.232697,0.906667
-0.663749,0.198942,-1.13785,-0.230573,0.913333
-0.664727,0.205226,-1.13503,-0.228305,0.92
-0.665345,0.210488,-1.13256,-0.226226,0.926667
-0.66605,0.215514,-1.13005,-0.224462,0.933333
-0.667243,0.221086,-1.12713,-0.223031,0.94
-0.669137,0.227563,-1.12359,-0.221864,0.946667
-0.686531,0.242942,-1.11108,-0.23451,0.953333
-0.699953,0.253581,-1.10153,-0.242975,0.96
-0.709145,0.26019,-1.09538,-0.247978,0.966667
-0.714954,0.263929,-1.09201,-0.250666,0.973333
-0.717468,0.265398,-1.09133,-0.251108,0.98
-0.716434,0.265102,-1.0935,-0.248681,0.986667
-0.715156,0.26494,-1.09574,-0.245849,0.993333
-0.80364,0.119144,-1.42395,-0.0243039,0
-0.802857,0.116934,-1.4263,-0.0107738,0.00666667
-0.797885,0.0986754,-1.42656,0.00167782,0.0133333
-0.791259,0.0860476,-1.42269,0.0112138,0.02
-0.789333,0.0920231,-1.4185,0.00190283,0.0266667
-0.788277,0.102279,-1.41394,-0.0082436,0.0333333
-0.788003,0.115707,-1.40871,-0.0188267,0.04
-0.787749,0.129094,-1.40287,-0.0281517,0.0466667
-0.786619,0.13995,-1.39674,-0.0349647,0.0533333
-0.784115,0.147751,-1.39051,-0.0390625,0.06
-0.781,0.15439,-1.38372,-0.0434683,0.0666667
-0.777688,0.161549,-1.37676,-0.0467162,0.0733333
-0.776706,0.171686,-1.37062,-0.0505353,0.08
-0.778343,0.182143,-1.3668,-0.0538884,0.0866667
-0.782354,0.192135,-1.36539,-0.0567617,0.0933333
-0.788151,0.200677,-1.36636,-0.0590417,0.1
-0.795098,0.207132,-1.36948,-0.0607679,0.106667
-0.802703,0.21135,-1.37436,-0.06219,0.113333
-0.827242,0.232793,-1.3666,-0.0998207,0.12
-0.851394,0.250532,-1.35648,-0.13204,0.126667
-0.875045,0.265248,-1.34333,-0.161515,0.133333
-0.898259,0.27699,-1.32649,-0.189904,0.14
-0.925306,0.290471,-1.30328,-0.217917,0.146667
-0.957036,0.30525,-1.27171,-0.244541,0.153333
-0.977758,0.314395,-1.25147,-0.256869,0.16
-0.996386,0.322086,-1.2307,-0.266421,0.166667
-1.0125,0.327066,-1.21238,-0.273998,0.173333
-1.02683,0.329998,-1.19619,-0.28036,0.18
-1.04031,0.331638,-1.18135,-0.285879,0.186667
-1.0538,0.332534,-1.16713,-0.29067,0.193333
-1.06794,0.332987,-1.15296,-0.294718,0.2
-1.0831,0.333061,-1.13848,-0.297964,0.206667
-1.09947,0.332665,-1.12351,-0.30035,0.213333
-1.106,0.325694,-1.11142,-0.307777,0.22
-1.10707,0.316077,-1.1022,-0.317425,0.226667
-1.10847,0.30735,-1.0943,-0.326043,0.233333
-1.11295,0.301209,-1.0875,-0.33187,0.24
-1.12037,0.297625,-1.08231,-0.33487,0.246667
-1.12921,0.295769,-1.07917,-0.335948,0.253333
-1.1382,0.294903,-1.07814,-0.336002,0.26
-1.14485,0.292997,-1.0872,-0.338201,0.266667
-1.15065,0.291944,-1.09719,-0.339692,0.273333
-1.15563,0.291872,-1.10831,-0.340325,0.28
-1.15984,0.29281,-1.12064,-0.340016,0.286667
-1.16364,0.294637,-1.13373,-0.338764,0.293333
-1.16847,0.288399,-1.1408,-0.34517,0.3
-1.16827,0.281805,-1.15209,-0.352223,0.306667
-1.16298,0.274548,-1.167,-0.359731,0.313333
-1.15605,0.266235,-1.18056,-0.367639,0.32
-1.14996,0.257875,-1.19116,-0.375188,0.326667
-1.14407,0.249602,-1.19969,-0.382413,0.333333
-1.12172,0.243347,-1.23572,-0.380843,0.34
-1.10606,0.23577,-1.2621,-0.379325,0.346667
-1.10293,0.229364,-1.27101,-0.382629,0.353333
-1.10459,0.223369,-1.2729,-0.388644,0.36
-1.10653,0.216838,-1.27391,-0.39553,0.366667
-1.1064,0.209276,-1.27728,-0.402232,0.373333
-1.10298,0.200442,-1.28481,-0.408017,0.38
-1.09729,0.190482,-1.29482,-0.413193,0.386667
-1.10131,0.182594,-1.28875,-0.424432,0.393333
-1.11192,0.176086,-1.27312,-0.438594,0.4
-1.12196,0.169325,-1.25998,-0.451155,0.406667
-1.12471,0.161771,-1.25985,-0.459531,0.413333
-1.12114,0.153746,-1.27136,-0.464261,0.42
-1.11558,0.145608,-1.28804,-0.466711,0.426667
-1.11337,0.138274,-1.30271,-0.469149,0.433333
-1.10263,0.128448,-1.33628,-0.463406,0.44
-1.09474,0.125624,-1.36287,-0.45145,0.446667
-1.08213,0.119525,-1.38951,-0.437659,0.453333
-1.08131,0.114769,-1.39434,-0.439308,0.46
-1.07505,0.107914,-1.40315,-0.437427,0.466667
-1.06514,0.0992953,-1.41484,-0.432527,0.473333
-1.05348,0.0894742,-1.42804,-0.425233,0.48
-1.0416,0.0790939,-1.44154,-0.416251,0.486667
-1.03041,0.068717,-1.45456,-0.406191,0.493333
-1.02036,0.0587386,-1.46674,-0.395466,0.5
-1.01155,0.0493761,-1.47806,-0.384288,0.506667
-1.00394,0.0407167,-1.4886,-0.372727,0.513333
-0.99743,0.0327969,-1.49848,-0.360798,0.52
-0.991921,0.0256586,-1.50777,-0.34852,0.526667
-0.987341,0.019361,-1.51652,-0.335931,0.533333
-0.983624,0.013981,-1.52474,-0.323084,0.54
-0.980702,0.00958958,-1.53247,-0.310013,0.546667
-0.978661,0.00640561,-1.53972,-0.296868,0.553333
-0.922094,-0.0372039,-1.51457,-0.273666,0.56
-0.874092,-0.080564,-1.48866,-0.25213,0.566667
-0.833512,-0.124232,-1.46262,-0.231681,0.573333
-0.799693,-0.167512,-1.43645,-0.212765,0.58
-0.771893,-0.208897,-1.41029,-0.196641,0.586667
-0.749071,-0.247151,-1.38464,-0.184351,0.593333
-0.730025,-0.282169,-1.36003,-0.176181,0.6
-0.714004,-0.308589,-1.33973,-0.17866,0.606667
-0.702172,-0.320137,-1.32354,-0.169722,0.613333
-0.692547,-0.331269,-1.30691,-0.153473,0.62
-0.688197,-0.331929,-1.29851,-0.139855,0.626667
-0.683878,-0.330679,-1.29107,-0.128188,0.633333
-0.642223,-0.282176,-1.26912,-0.151846,0.64
-0.607383,-0.239311,-1.2442,-0.170619,0.646667
-0.577624,-0.204699,-1.2179,-0.181081,0.653333
-0.551835,-0.172261,-1.19247,-0.191033,0.66
-0.529771,-0.141437,-1.16807,-0.201227,0.666667
-0.511132,-0.112483,-1.14474,-0.211316,0.673333
-0.495528,-0.0858578,-1.12272,-0.220408,0.68
-0.477791,-0.0765654,-1.10534,-0.210426,0.686667
-0.460732,-0.0698784,-1.08896,-0.20147,0.693333
-0.441386,-0.0727425,-1.0729,-0.188644,0.7
-0.423154,-0.0783839,-1.05785,-0.176548,0.706667
-0.406633,-0.0844055,-1.04382,-0.166255,0.713333
-0.392014,-0.0891395,-1.03087,-0.158408,0.72
-0.379149,-0.092204,-1.01905,-0.152882,0.726667
-0.367577,-0.094462,-1.0082,-0.148957,0.733333
-0.368311,-0.087719,-1.00772,-0.157122,0.74
-0.36823,-0.0821424,-1.00599,-0.166883,0.746667
-0.367815,-0.0721383,-1.00181,-0.18244,0.753333
-0.367298,-0.0602259,-0.99566,-0.199665,0.76
-0.367131,-0.0479374,-0.988426,-0.216575,0.766667
-0.367722,-0.0361545,-0.981109,-0.232048,0.773333
-0.369137,-0.0253335,-0.974252,-0.245853,0.78
-0.371208,-0.0156257,-0.96805,-0.257984,0.786667
-0.37364,-0.00715798,-0.9626,-0.268365,0.793333
-0.376068,-0.000124568,-0.957995,-0.276866,0.8
-0.378212,0.00535542,-0.954371,-0.283381,0.806667
-0.379965,0.00935313,-0.95184,-0.287926,0.813333
-0.381415,0.012173,-0.950423,-0.290687,0.82
-0.382749,0.014193,-0.95008,-0.291907,0.826667
-0.384545,0.0159904,-0.950377,-0.292963,0.833333
-0.387131,0.0181945,-0.950549,-0.295207,0.84
-0.390306,0.020806,-0.950465,-0.298425,0.846667
-0.393884,0.023702,-0.950224,-0.302166,0.853333
-0.397808,0.0268434,-0.949969,-0.306066,0.86
-0.402149,0.0302861,-0.949844,-0.309917,0.866667
-0.407057,0.0341363,-0.94996,-0.31365,0.873333
-0.412695,0.0384932,-0.950382,-0.317279,0.88
-0.419194,0.0434107,-0.951141,-0.320858,0.886667
-0.426226,0.048296,-0.953027,-0.323337,0.893333
-0.433433,0.0527191,-0.954976,-0.326211,0.9
-0.440616,0.056569,-0.958624,-0.327127,0.906667
-0.447464,0.0596326,-0.963977,-0.326013,0.913333
-0.453763,0.0618007,-0.970916,-0.322914,0.92
-0.45968,0.0633623,-0.978858,-0.318524,0.926667
-0.465302,0.064483,-0.987319,-0.313408,0.933333
-0.470408,0.0649244,-0.996296,-0.307441,0.94
-0.474833,0.0645067,-1.00577,-0.30049,0.946667
-0.47854,0.0631821,-1.01561,-0.292583,0.953333
-0.481568,0.0609715,-1.02563,-0.283836,0.96
-0.484009,0.0579492,-1.03564,-0.274435,0.966667
-0.486279,0.0546417,-1.0451,-0.265305,0.973333
-0.488402,0.0510996,-1.05399,-0.25651,0.98
-0.490385,0.0473569,-1.06232,-0.248063,0.986667
-0.492233,0.0434443,-1.07008,-0.239968,0.993333
-0.737277,0.334855,-0.566883,-0.28567,0
